timestamp,open,high,low,close,volume,trade_count,vwap
2021-04-01 03:45:00-04:00,22.72,22.72,22.72,22.72,575,2,22.72
2021-04-01 04:14:00-04:00,22.71,22.71,22.71,22.71,600,1,22.71
2021-04-01 04:37:00-04:00,22.71,22.71,22.71,22.71,159,2,22.71
2021-04-01 04:47:00-04:00,22.68,22.68,22.68,22.68,7700,3,22.68
2021-04-01 04:49:00-04:00,22.68,22.68,22.68,22.68,300,1,22.68
2021-04-01 04:51:00-04:00,22.67,22.67,22.67,22.67,200,1,22.67
2021-04-01 05:02:00-04:00,22.65,22.65,22.65,22.65,100,1,22.65
2021-04-01 05:06:00-04:00,22.64,22.64,22.64,22.64,100,1,22.64
2021-04-01 05:35:00-04:00,22.65,22.65,22.65,22.65,333,2,22.65
2021-04-01 05:47:00-04:00,22.65,22.65,22.65,22.65,500,1,22.65
2021-04-01 06:03:00-04:00,22.64,22.64,22.64,22.64,988,2,22.63999
2021-04-01 06:17:00-04:00,22.63,22.63,22.63,22.63,200,1,22.63
2021-04-01 06:21:00-04:00,22.63,22.63,22.63,22.63,200,2,22.63
2021-04-01 06:38:00-04:00,22.62,22.62,22.62,22.62,2250,1,22.62
2021-04-01 06:42:00-04:00,22.65,22.65,22.64,22.64,600,6,22.645
2021-04-01 06:46:00-04:00,22.62,22.62,22.62,22.62,200,2,22.62
2021-04-01 06:48:00-04:00,22.61,22.61,22.61,22.61,300,1,22.61
2021-04-01 07:00:00-04:00,22.58,22.58,22.58,22.58,16964,27,22.580026
2021-04-01 07:01:00-04:00,22.57,22.57,22.57,22.57,8012,9,22.57
2021-04-01 07:02:00-04:00,22.56,22.56,22.56,22.56,214,4,22.56
2021-04-01 07:05:00-04:00,22.57,22.57,22.57,22.57,250,1,22.57
2021-04-01 07:06:00-04:00,22.56,22.56,22.56,22.56,650,3,22.56
2021-04-01 07:08:00-04:00,22.5501,22.5501,22.5501,22.5501,1053,3,22.550598
2021-04-01 07:09:00-04:00,22.5699,22.5699,22.5699,22.5699,120,1,22.5699
2021-04-01 07:11:00-04:00,22.57,22.57,22.57,22.57,1000,1,22.57
2021-04-01 07:12:00-04:00,22.5799,22.5799,22.56,22.56,604,7,22.566755
2021-04-01 07:13:00-04:00,22.58,22.58,22.58,22.58,500,2,22.58
2021-04-01 07:14:00-04:00,22.5799,22.5799,22.5799,22.5799,200,1,22.5799
2021-04-01 07:15:00-04:00,22.57,22.57,22.57,22.57,1500,1,22.57
2021-04-01 07:17:00-04:00,22.5699,22.5699,22.56,22.56,5800,2,22.561707
2021-04-01 07:18:00-04:00,22.55,22.55,22.55,22.55,100,1,22.55
2021-04-01 07:24:00-04:00,22.57,22.57,22.57,22.57,300,1,22.57
2021-04-01 07:26:00-04:00,22.58,22.58,22.58,22.58,1500,1,22.58
2021-04-01 07:29:00-04:00,22.6,22.6,22.6,22.6,500,1,22.6
2021-04-01 07:30:00-04:00,22.6,22.6,22.6,22.6,500,2,22.6
2021-04-01 07:33:00-04:00,22.59,22.59,22.59,22.59,1000,1,22.59
2021-04-01 07:38:00-04:00,22.6,22.6,22.6,22.6,268,1,22.6
2021-04-01 07:39:00-04:00,22.62,22.62,22.6,22.6,2108,7,22.610447
2021-04-01 07:42:00-04:00,22.61,22.61,22.61,22.61,100,1,22.61
2021-04-01 07:43:00-04:00,22.61,22.61,22.61,22.61,134,3,22.607463
2021-04-01 07:45:00-04:00,22.62,22.62,22.62,22.62,100,1,22.62
2021-04-01 07:49:00-04:00,22.6299,22.6299,22.6299,22.6299,500,1,22.6299
2021-04-01 07:51:00-04:00,22.61,22.61,22.61,22.61,1000,1,22.61
2021-04-01 07:54:00-04:00,22.63,22.63,22.63,22.63,501,3,22.62998
2021-04-01 07:55:00-04:00,22.64,22.65,22.64,22.65,5800,6,22.641379
2021-04-01 07:56:00-04:00,22.66,22.66,22.65,22.65,606,3,22.656601
2021-04-01 08:00:00-04:00,22.65,22.67,22.65,22.67,8593,17,22.654528
2021-04-01 08:01:00-04:00,22.67,22.67,22.66,22.66,600,2,22.668333
2021-04-01 08:02:00-04:00,22.66,22.66,22.66,22.66,100,1,22.66
2021-04-01 08:03:00-04:00,22.65,22.65,22.65,22.65,104,2,22.649615
2021-04-01 08:05:00-04:00,22.65,22.66,22.65,22.66,393,2,22.655089
2021-04-01 08:07:00-04:00,22.66,22.66,22.66,22.66,590,5,22.664492
2021-04-01 08:08:00-04:00,22.65,22.67,22.65,22.66,6560,19,22.651357
2021-04-01 08:09:00-04:00,22.67,22.67,22.67,22.67,3330,4,22.67
2021-04-01 08:10:00-04:00,22.68,22.68,22.68,22.68,5000,2,22.68
2021-04-01 08:11:00-04:00,22.69,22.69,22.69,22.69,500,1,22.69
2021-04-01 08:12:00-04:00,22.69,22.7,22.69,22.7,2826,12,22.697169
2021-04-01 08:15:00-04:00,22.7,22.7,22.6901,22.6901,400,4,22.697525
2021-04-01 08:16:00-04:00,22.6999,22.6999,22.6999,22.6999,100,1,22.6999
2021-04-01 08:17:00-04:00,22.69,22.69,22.69,22.69,250,3,22.688
2021-04-01 08:19:00-04:00,22.69,22.69,22.69,22.69,120,2,22.69
2021-04-01 08:20:00-04:00,22.69,22.69,22.69,22.69,1000,6,22.69
2021-04-01 08:22:00-04:00,22.68,22.68,22.68,22.68,500,2,22.68
2021-04-01 08:23:00-04:00,22.7,22.71,22.7,22.7,1525,13,22.701148
2021-04-01 08:24:00-04:00,22.72,22.74,22.72,22.74,1111,6,22.733501
2021-04-01 08:25:00-04:00,22.73,22.73,22.715,22.715,1400,6,22.718929
2021-04-01 08:26:00-04:00,22.7,22.7,22.7,22.7,575,2,22.700013
2021-04-01 08:27:00-04:00,22.7,22.7,22.69,22.69,2190,6,22.697078
2021-04-01 08:28:00-04:00,22.68,22.69,22.68,22.68,1703,8,22.687064
2021-04-01 08:30:00-04:00,22.67,22.67,22.67,22.67,558,14,22.670681
2021-04-01 08:33:00-04:00,22.71,22.71,22.71,22.71,130,3,22.706538
2021-04-01 08:35:00-04:00,22.69,22.69,22.69,22.69,500,1,22.69
2021-04-01 08:42:00-04:00,22.68,22.68,22.68,22.68,100,1,22.68
2021-04-01 08:44:00-04:00,22.67,22.67,22.67,22.67,536,3,22.669797
2021-04-01 08:46:00-04:00,22.68,22.68,22.68,22.68,200,1,22.68
2021-04-01 08:50:00-04:00,22.67,22.68,22.67,22.68,1889,6,22.678423
2021-04-01 08:51:00-04:00,22.68,22.68,22.68,22.68,900,1,22.68
2021-04-01 08:52:00-04:00,22.69,22.7,22.69,22.7,2200,7,22.695909
2021-04-01 08:53:00-04:00,22.69,22.69,22.68,22.68,1510,10,22.686623
2021-04-01 08:54:00-04:00,22.67,22.67,22.67,22.67,550,2,22.67
2021-04-01 08:56:00-04:00,22.69,22.69,22.69,22.69,600,2,22.69
2021-04-01 08:57:00-04:00,22.7,22.7001,22.7,22.7001,220,2,22.700055
2021-04-01 08:58:00-04:00,22.7,22.7,22.7,22.7,508,4,22.700079
2021-04-01 08:59:00-04:00,22.71,22.74,22.71,22.74,1020,4,22.725118
2021-04-01 09:00:00-04:00,22.74,22.85,22.74,22.84,9659,36,22.791724
2021-04-01 09:01:00-04:00,22.85,22.87,22.85,22.87,12457,18,22.869001
2021-04-01 09:02:00-04:00,22.87,22.88,22.87,22.88,11302,11,22.879338
2021-04-01 09:03:00-04:00,22.89,22.89,22.88,22.88,2110,9,22.882322
2021-04-01 09:04:00-04:00,22.88,22.9,22.88,22.895,10743,16,22.895199
2021-04-01 09:05:00-04:00,22.9,22.91,22.9,22.91,23255,13,22.902584
2021-04-01 09:06:00-04:00,22.9,22.91,22.895,22.91,2194,14,22.903304
2021-04-01 09:07:00-04:00,22.89,22.89,22.89,22.89,5543,6,22.890258
2021-04-01 09:09:00-04:00,22.92,22.92,22.88,22.88,6791,10,22.887199
2021-04-01 09:10:00-04:00,22.9,22.9,22.9,22.9,3104,6,22.900242
2021-04-01 09:11:00-04:00,22.9,22.905,22.89,22.905,414856,118,22.897607
2021-04-01 09:12:00-04:00,22.9,22.91,22.9,22.905,8329,9,22.900178
2021-04-01 09:13:00-04:00,22.89,22.92,22.89,22.92,13522,14,22.90042
2021-04-01 09:14:00-04:00,22.91,22.91,22.91,22.91,2012,4,22.910052
2021-04-01 09:15:00-04:00,22.92,22.92,22.91,22.91,732,10,22.915635
2021-04-01 09:16:00-04:00,22.9,22.9,22.9,22.9,628,5,22.899841
2021-04-01 09:17:00-04:00,22.8899,22.8899,22.88,22.88,6306,9,22.880253
2021-04-01 09:18:00-04:00,22.89,22.89,22.88,22.89,1914,3,22.889478
2021-04-01 09:19:00-04:00,22.87,22.87,22.87,22.87,2910,9,22.870345
2021-04-01 09:20:00-04:00,22.87,22.8799,22.86,22.8799,20152,11,22.861991
2021-04-01 09:23:00-04:00,22.86,22.86,22.86,22.86,131,3,22.86
2021-04-01 09:24:00-04:00,22.86,22.86,22.86,22.86,301,3,22.859967
2021-04-01 09:25:00-04:00,22.86,22.86,22.86,22.86,300,2,22.86
2021-04-01 09:26:00-04:00,22.88,22.88,22.87,22.87,1301,5,22.872314
2021-04-01 09:28:00-04:00,22.86,22.86,22.86,22.86,1830,4,22.859975
2021-04-01 09:29:00-04:00,22.861,22.87,22.861,22.87,1192,7,22.865383
2021-04-01 09:30:00-04:00,22.87,22.88,22.84,22.87,267015,212,22.867608
2021-04-01 09:31:00-04:00,22.87,22.89,22.87,22.89,75203,153,22.885136
2021-04-01 09:32:00-04:00,22.897,22.91,22.89,22.903,49236,90,22.896367
2021-04-01 09:33:00-04:00,22.9028,22.91,22.895,22.9086,77718,112,22.90286
2021-04-01 09:34:00-04:00,22.9099,22.91,22.8781,22.8781,27343,96,22.893179
2021-04-01 09:35:00-04:00,22.87,22.89,22.865,22.88,98622,181,22.877378
2021-04-01 09:36:00-04:00,22.88,22.9,22.88,22.895,83748,102,22.892461
2021-04-01 09:37:00-04:00,22.8901,22.92,22.8901,22.9101,65589,129,22.908094
2021-04-01 09:38:00-04:00,22.92,22.92,22.885,22.89,49927,96,22.897784
2021-04-01 09:39:00-04:00,22.89,22.92,22.885,22.91,90142,218,22.901735
2021-04-01 09:40:00-04:00,22.91,22.9195,22.9,22.9195,161738,143,22.909899
2021-04-01 09:41:00-04:00,22.92,22.93,22.91,22.921,27469,82,22.920721
2021-04-01 09:42:00-04:00,22.9201,22.9201,22.9,22.9,163649,212,22.911188
2021-04-01 09:43:00-04:00,22.9,22.91,22.89,22.905,43295,109,22.899292
2021-04-01 09:44:00-04:00,22.9,22.9099,22.88,22.885,49905,97,22.896908
2021-04-01 09:45:00-04:00,22.88,22.9,22.87,22.89,67381,142,22.886289
2021-04-01 09:46:00-04:00,22.895,22.91,22.8811,22.905,74970,172,22.898656
2021-04-01 09:47:00-04:00,22.9,22.9083,22.89,22.89,75834,125,22.898129
2021-04-01 09:48:00-04:00,22.89,22.9,22.88,22.895,40888,92,22.890148
2021-04-01 09:49:00-04:00,22.895,22.9,22.8812,22.89,37510,111,22.890352
2021-04-01 09:50:00-04:00,22.89,22.925,22.89,22.915,44274,115,22.912867
2021-04-01 09:51:00-04:00,22.92,22.97,22.92,22.94,602243,471,22.941564
2021-04-01 09:52:00-04:00,22.94,22.9499,22.9219,22.945,23499,116,22.934584
2021-04-01 09:53:00-04:00,22.945,22.9458,22.93,22.93,76999,123,22.937297
2021-04-01 09:54:00-04:00,22.935,22.9399,22.92,22.9281,26566,107,22.925352
2021-04-01 09:55:00-04:00,22.92,22.93,22.92,22.9201,22307,70,22.922206
2021-04-01 09:56:00-04:00,22.925,22.94,22.915,22.93,49077,144,22.926013
2021-04-01 09:57:00-04:00,22.93,22.93,22.91,22.91,40720,90,22.91778
2021-04-01 09:58:00-04:00,22.91,22.9181,22.89,22.891,19920,96,22.901511
2021-04-01 09:59:00-04:00,22.89,22.895,22.87,22.88,62925,154,22.885274
2021-04-01 10:00:00-04:00,22.88,22.92,22.86,22.92,285214,373,22.883898
2021-04-01 10:01:00-04:00,22.92,22.92,22.88,22.88,115692,164,22.906427
2021-04-01 10:02:00-04:00,22.885,22.89,22.88,22.885,63871,83,22.886974
2021-04-01 10:03:00-04:00,22.8801,22.899,22.88,22.89,67684,115,22.888286
2021-04-01 10:04:00-04:00,22.889,22.89,22.8716,22.89,79027,81,22.880292
2021-04-01 10:05:00-04:00,22.89,22.89,22.8519,22.865,151694,160,22.866185
2021-04-01 10:06:00-04:00,22.87,22.88,22.85,22.855,108658,169,22.866671
2021-04-01 10:07:00-04:00,22.855,22.87,22.85,22.86,15716,71,22.861266
2021-04-01 10:08:00-04:00,22.87,22.87,22.86,22.861,13740,39,22.863755
2021-04-01 10:09:00-04:00,22.861,22.87,22.86,22.86,24236,95,22.865696
2021-04-01 10:10:00-04:00,22.87,22.87,22.85,22.86,97280,163,22.860878
2021-04-01 10:11:00-04:00,22.86,22.86,22.835,22.835,61077,133,22.84342
2021-04-01 10:12:00-04:00,22.83,22.85,22.83,22.845,103119,183,22.842615
2021-04-01 10:13:00-04:00,22.84,22.859,22.84,22.855,13627,57,22.848284
2021-04-01 10:14:00-04:00,22.86,22.8681,22.845,22.845,68690,122,22.858059
2021-04-01 10:15:00-04:00,22.85,22.86,22.835,22.86,105149,185,22.84653
2021-04-01 10:16:00-04:00,22.865,22.87,22.85,22.855,27164,56,22.859305
2021-04-01 10:17:00-04:00,22.8599,22.8599,22.82,22.825,373261,363,22.839633
2021-04-01 10:18:00-04:00,22.83,22.85,22.8256,22.845,159676,231,22.834577
2021-04-01 10:19:00-04:00,22.8476,22.85,22.84,22.84,10708,54,22.846173
2021-04-01 10:20:00-04:00,22.84,22.8494,22.835,22.84,49055,68,22.840023
2021-04-01 10:21:00-04:00,22.84,22.84,22.83,22.835,35816,87,22.83576
2021-04-01 10:22:00-04:00,22.835,22.85,22.835,22.845,13167,40,22.84087
2021-04-01 10:23:00-04:00,22.85,22.85,22.83,22.83,31405,106,22.837378
2021-04-01 10:24:00-04:00,22.83,22.835,22.825,22.827,21111,40,22.828919
2021-04-01 10:25:00-04:00,22.83,22.85,22.83,22.85,21699,67,22.841111
2021-04-01 10:26:00-04:00,22.8419,22.86,22.8419,22.85,18199,51,22.853323
2021-04-01 10:27:00-04:00,22.8575,22.86,22.84,22.85,159634,235,22.8577
2021-04-01 10:28:00-04:00,22.85,22.86,22.8415,22.845,51672,93,22.853097
2021-04-01 10:29:00-04:00,22.85,22.87,22.85,22.86,379286,351,22.868446
2021-04-01 10:30:00-04:00,22.855,22.8692,22.855,22.8689,12397,45,22.863141
2021-04-01 10:31:00-04:00,22.8612,22.87,22.8611,22.8611,16048,55,22.86607
2021-04-01 10:32:00-04:00,22.865,22.875,22.8611,22.87,23407,86,22.868527
2021-04-01 10:33:00-04:00,22.868,22.87,22.86,22.87,34397,65,22.866448
2021-04-01 10:34:00-04:00,22.87,22.88,22.8689,22.88,42544,99,22.871021
2021-04-01 10:35:00-04:00,22.88,22.89,22.8715,22.89,76762,101,22.888315
2021-04-01 10:36:00-04:00,22.8981,22.8981,22.88,22.8886,41985,60,22.889088
2021-04-01 10:37:00-04:00,22.8881,22.8881,22.87,22.87,61710,135,22.878466
2021-04-01 10:38:00-04:00,22.88,22.88,22.83,22.84,146804,156,22.854797
2021-04-01 10:39:00-04:00,22.83,22.83,22.8,22.8,70637,146,22.815027
2021-04-01 10:40:00-04:00,22.8086,22.82,22.8012,22.8186,108374,131,22.809267
2021-04-01 10:41:00-04:00,22.819,22.8399,22.819,22.83,33259,63,22.826328
2021-04-01 10:42:00-04:00,22.835,22.8585,22.83,22.855,168976,169,22.845508
2021-04-01 10:43:00-04:00,22.855,22.88,22.8519,22.88,9216,74,22.868865
2021-04-01 10:44:00-04:00,22.87,22.88,22.87,22.87,5678,34,22.873931
2021-04-01 10:45:00-04:00,22.87,22.89,22.863,22.8819,82740,169,22.875178
2021-04-01 10:46:00-04:00,22.885,22.9,22.87,22.87,138428,147,22.881751
2021-04-01 10:47:00-04:00,22.87,22.88,22.87,22.8795,102511,99,22.871333
2021-04-01 10:48:00-04:00,22.88,22.9,22.88,22.885,722777,418,22.888492
2021-04-01 10:49:00-04:00,22.885,22.9,22.885,22.89,14898,48,22.895657
2021-04-01 10:50:00-04:00,22.891,22.9,22.891,22.9,96043,116,22.899797
2021-04-01 10:51:00-04:00,22.9005,22.93,22.9005,22.92,35721,88,22.917199
2021-04-01 10:52:00-04:00,22.925,22.94,22.92,22.93,49322,140,22.928923
2021-04-01 10:53:00-04:00,22.93,22.94,22.93,22.94,88088,108,22.939473
2021-04-01 10:54:00-04:00,22.94,22.9401,22.925,22.925,32365,66,22.934602
2021-04-01 10:55:00-04:00,22.9257,22.95,22.925,22.94,38856,116,22.936145
2021-04-01 10:56:00-04:00,22.935,22.9481,22.9311,22.94,76002,93,22.939842
2021-04-01 10:57:00-04:00,22.95,22.95,22.93,22.934,57471,65,22.939059
2021-04-01 10:58:00-04:00,22.935,22.94,22.93,22.93,12176,64,22.936603
2021-04-01 10:59:00-04:00,22.93,22.9381,22.93,22.93,3150,25,22.930375
2021-04-01 11:00:00-04:00,22.93,22.94,22.93,22.93,34820,88,22.932017
2021-04-01 11:01:00-04:00,22.93,22.94,22.93,22.931,17425,57,22.934853
2021-04-01 11:02:00-04:00,22.9319,22.95,22.93,22.945,44808,99,22.936806
2021-04-01 11:03:00-04:00,22.95,22.975,22.945,22.955,133042,191,22.957915
2021-04-01 11:04:00-04:00,22.9514,22.97,22.9514,22.9599,68673,95,22.960482
2021-04-01 11:05:00-04:00,22.96,22.9781,22.955,22.97,84319,106,22.965534
2021-04-01 11:06:00-04:00,22.97,22.97,22.9319,22.9481,63897,87,22.954321
2021-04-01 11:07:00-04:00,22.945,22.95,22.935,22.9381,29318,57,22.945503
2021-04-01 11:08:00-04:00,22.94,22.94,22.9311,22.94,15173,43,22.938499
2021-04-01 11:09:00-04:00,22.94,22.95,22.935,22.94,56818,91,22.939937
2021-04-01 11:10:00-04:00,22.94,22.95,22.94,22.95,20936,40,22.942373
2021-04-01 11:11:00-04:00,22.95,22.96,22.9419,22.95,24080,67,22.951674
2021-04-01 11:12:00-04:00,22.948,22.96,22.945,22.955,16221,51,22.951973
2021-04-01 11:13:00-04:00,22.9599,22.96,22.95,22.9581,18369,53,22.957151
2021-04-01 11:14:00-04:00,22.955,22.9681,22.9517,22.9681,26000,119,22.958645
2021-04-01 11:15:00-04:00,22.97,22.97,22.96,22.9605,4354,31,22.965853
2021-04-01 11:16:00-04:00,22.97,22.98,22.95,22.98,124708,210,22.968249
2021-04-01 11:17:00-04:00,22.985,22.9882,22.97,22.975,57903,106,22.97855
2021-04-01 11:18:00-04:00,22.97,22.9793,22.96,22.965,14178,55,22.96828
2021-04-01 11:19:00-04:00,22.97,22.97,22.95,22.957,4761,42,22.960929
2021-04-01 11:20:00-04:00,22.95,22.97,22.94,22.965,67801,160,22.952408
2021-04-01 11:21:00-04:00,22.97,23.0,22.97,22.995,108558,229,22.993998
2021-04-01 11:22:00-04:00,22.9981,22.9989,22.99,22.99,75678,93,22.990609
2021-04-01 11:23:00-04:00,22.999,23.0,22.99,23.0,27862,52,22.996262
2021-04-01 11:24:00-04:00,22.995,23.01,22.9919,23.005,81088,152,23.000362
2021-04-01 11:25:00-04:00,23.0085,23.019,23.0,23.01,25833,60,23.010518
2021-04-01 11:26:00-04:00,23.0089,23.0089,22.99,22.995,42266,58,22.998494
2021-04-01 11:27:00-04:00,22.99,22.9915,22.98,22.9813,77524,86,22.989742
2021-04-01 11:28:00-04:00,22.98,22.99,22.97,22.9718,16953,37,22.974689
2021-04-01 11:29:00-04:00,22.9739,22.975,22.96,22.9619,49270,77,22.969153
2021-04-01 11:30:00-04:00,22.97,22.98,22.9601,22.98,35193,82,22.97038
2021-04-01 11:31:00-04:00,22.98,23.0,22.975,23.0,63624,85,22.987396
2021-04-01 11:32:00-04:00,23.0,23.005,22.99,23.005,20125,81,22.996797
2021-04-01 11:33:00-04:00,23.0081,23.01,22.99,22.995,85987,106,22.999791
2021-04-01 11:34:00-04:00,22.9981,23.01,22.995,23.0,33135,67,23.001339
2021-04-01 11:35:00-04:00,23.0,23.01,23.0,23.01,14288,34,23.007405
2021-04-01 11:36:00-04:00,23.01,23.02,23.0001,23.02,115984,122,23.009887
2021-04-01 11:37:00-04:00,23.0111,23.07,23.0111,23.0481,438284,498,23.042318
2021-04-01 11:38:00-04:00,23.049,23.049,23.01,23.01,37027,77,23.030483
2021-04-01 11:39:00-04:00,23.01,23.0287,23.005,23.015,99290,147,23.016818
2021-04-01 11:40:00-04:00,23.02,23.05,23.02,23.05,32145,87,23.037594
2021-04-01 11:41:00-04:00,23.04,23.04,23.03,23.0371,19637,63,23.039473
2021-04-01 11:42:00-04:00,23.04,23.04,23.015,23.0281,56056,114,23.027227
2021-04-01 11:43:00-04:00,23.02,23.02,23.01,23.015,19451,62,23.018515
2021-04-01 11:44:00-04:00,23.0199,23.0299,23.0116,23.02,40940,86,23.019478
2021-04-01 11:45:00-04:00,23.019,23.0301,23.0114,23.0301,33328,89,23.026288
2021-04-01 11:46:00-04:00,23.03,23.035,23.025,23.035,24065,69,23.029295
2021-04-01 11:47:00-04:00,23.033,23.04,23.025,23.0398,26288,56,23.034282
2021-04-01 11:48:00-04:00,23.03,23.04,23.03,23.04,9777,34,23.033806
2021-04-01 11:49:00-04:00,23.0399,23.04,23.02,23.03,46480,123,23.030064
2021-04-01 11:50:00-04:00,23.03,23.04,23.03,23.035,64813,102,23.037196
2021-04-01 11:51:00-04:00,23.0399,23.04,23.03,23.03,51483,69,23.032914
2021-04-01 11:52:00-04:00,23.04,23.04,23.0219,23.0381,32802,96,23.030568
2021-04-01 11:53:00-04:00,23.03,23.03,23.02,23.03,18530,62,23.028734
2021-04-01 11:54:00-04:00,23.03,23.03,23.0201,23.0281,18471,37,23.028952
2021-04-01 11:55:00-04:00,23.0299,23.0299,23.02,23.02,6035,28,23.026969
2021-04-01 11:56:00-04:00,23.01,23.01,22.99,23.0,22614,73,23.000572
2021-04-01 11:57:00-04:00,23.0,23.01,22.99,22.9901,37140,94,22.995707
2021-04-01 11:58:00-04:00,22.9999,23.0,22.9911,23.0,22365,45,22.997853
2021-04-01 11:59:00-04:00,22.9999,23.005,22.985,22.995,124431,168,22.992647
2021-04-01 12:00:00-04:00,22.99,22.9996,22.985,22.99,21238,94,22.990476
2021-04-01 12:01:00-04:00,22.99,23.0,22.99,22.995,70382,134,22.99412
2021-04-01 12:02:00-04:00,23.0,23.018,22.99,23.015,13096,68,23.004149
2021-04-01 12:03:00-04:00,23.01,23.02,23.01,23.015,4370,30,23.013325
2021-04-01 12:04:00-04:00,23.01,23.0185,23.0011,23.005,5546,34,23.011273
2021-04-01 12:05:00-04:00,23.01,23.02,23.005,23.015,64698,100,23.009904
2021-04-01 12:06:00-04:00,23.01,23.03,23.005,23.01,209854,236,23.016192
2021-04-01 12:07:00-04:00,23.01,23.02,23.01,23.01,5190,32,23.014689
2021-04-01 12:08:00-04:00,23.01,23.018,23.005,23.015,11843,54,23.010887
2021-04-01 12:09:00-04:00,23.015,23.03,23.015,23.03,47101,103,23.021927
2021-04-01 12:10:00-04:00,23.028,23.03,23.0113,23.015,41374,107,23.020934
2021-04-01 12:11:00-04:00,23.015,23.02,23.01,23.0189,6928,33,23.012337
2021-04-01 12:12:00-04:00,23.015,23.02,23.01,23.015,28078,59,23.014611
2021-04-01 12:13:00-04:00,23.015,23.02,23.005,23.01,67952,130,23.011066
2021-04-01 12:14:00-04:00,23.0015,23.0082,23.0,23.005,4999,22,23.004417
2021-04-01 12:15:00-04:00,23.005,23.01,23.0,23.01,22466,35,23.002213
2021-04-01 12:16:00-04:00,23.005,23.0085,22.99,22.99,49056,73,22.994468
2021-04-01 12:17:00-04:00,22.995,23.01,22.995,23.005,6282,48,23.004378
2021-04-01 12:18:00-04:00,23.01,23.02,23.01,23.015,28494,86,23.01839
2021-04-01 12:19:00-04:00,23.015,23.0299,23.0113,23.025,42578,113,23.020976
2021-04-01 12:20:00-04:00,23.02,23.0286,23.015,23.02,19644,72,23.020156
2021-04-01 12:21:00-04:00,23.015,23.03,23.015,23.03,28185,84,23.021641
2021-04-01 12:22:00-04:00,23.025,23.03,23.025,23.03,11377,44,23.026695
2021-04-01 12:23:00-04:00,23.025,23.025,23.015,23.015,72267,127,23.020887
2021-04-01 12:24:00-04:00,23.015,23.025,23.011,23.0179,26854,95,23.018962
2021-04-01 12:25:00-04:00,23.01,23.0184,23.01,23.0184,3034,19,23.013895
2021-04-01 12:26:00-04:00,23.0119,23.0181,23.01,23.0181,952,19,23.01397
2021-04-01 12:27:00-04:00,23.01,23.0184,23.01,23.015,14677,36,23.011138
2021-04-01 12:28:00-04:00,23.01,23.025,23.01,23.025,49834,106,23.014063
2021-04-01 12:29:00-04:00,23.021,23.025,23.0119,23.02,11171,72,23.019116
2021-04-01 12:30:00-04:00,23.02,23.0281,23.0119,23.025,38753,97,23.021156
2021-04-01 12:31:00-04:00,23.025,23.0299,23.02,23.0201,11723,49,23.023742
2021-04-01 12:32:00-04:00,23.025,23.0279,23.0101,23.015,53875,99,23.020469
2021-04-01 12:33:00-04:00,23.0119,23.02,23.01,23.02,5115,35,23.015595
2021-04-01 12:34:00-04:00,23.015,23.03,23.0112,23.025,22087,70,23.019913
2021-04-01 12:35:00-04:00,23.025,23.03,23.0219,23.025,17544,70,23.028622
2021-04-01 12:36:00-04:00,23.025,23.03,23.02,23.025,12033,50,23.021514
2021-04-01 12:37:00-04:00,23.021,23.04,23.02,23.035,31552,109,23.028959
2021-04-01 12:38:00-04:00,23.035,23.0399,23.03,23.035,71770,209,23.033774
2021-04-01 12:39:00-04:00,23.0311,23.04,23.03,23.035,20171,30,23.036074
2021-04-01 12:40:00-04:00,23.035,23.035,23.03,23.03,4342,29,23.034066
2021-04-01 12:41:00-04:00,23.03,23.0399,23.03,23.035,3817,21,23.032855
2021-04-01 12:42:00-04:00,23.035,23.0359,23.02,23.025,72301,151,23.027006
2021-04-01 12:43:00-04:00,23.0213,23.0299,23.02,23.02,3868,29,23.021534
2021-04-01 12:44:00-04:00,23.023,23.03,23.02,23.03,58489,56,23.026445
2021-04-01 12:45:00-04:00,23.025,23.03,23.025,23.025,15593,45,23.025572
2021-04-01 12:46:00-04:00,23.025,23.03,23.02,23.025,54059,68,23.026196
2021-04-01 12:47:00-04:00,23.0213,23.03,23.02,23.02,36642,78,23.025483
2021-04-01 12:48:00-04:00,23.02,23.03,23.02,23.02,10755,50,23.022053
2021-04-01 12:49:00-04:00,23.02,23.0241,23.02,23.02,14856,39,23.020123
2021-04-01 12:50:00-04:00,23.02,23.02,23.0,23.005,120332,206,23.015477
2021-04-01 12:51:00-04:00,23.0,23.009,23.0,23.005,9210,38,23.001382
2021-04-01 12:52:00-04:00,23.0,23.01,22.9912,23.01,83744,153,22.999496
2021-04-01 12:53:00-04:00,23.01,23.01,22.995,22.9993,12125,88,23.003738
2021-04-01 12:54:00-04:00,22.99,23.0,22.9819,22.995,21370,70,22.991548
2021-04-01 12:55:00-04:00,22.9912,23.01,22.9912,23.005,23699,50,23.002381
2021-04-01 12:56:00-04:00,23.01,23.01,23.005,23.01,5217,20,23.009422
2021-04-01 12:57:00-04:00,23.0089,23.025,23.0014,23.025,60730,115,23.016739
2021-04-01 12:58:00-04:00,23.02,23.0299,23.015,23.02,67492,105,23.022324
2021-04-01 12:59:00-04:00,23.025,23.03,23.02,23.025,19123,43,23.023625
2021-04-01 13:00:00-04:00,23.0299,23.03,23.02,23.025,10977,31,23.024611
2021-04-01 13:01:00-04:00,23.03,23.03,23.0211,23.025,18179,47,23.028432
2021-04-01 13:02:00-04:00,23.03,23.03,23.02,23.02,6020,59,23.021581
2021-04-01 13:03:00-04:00,23.02,23.0299,23.02,23.0219,1148,12,23.024799
2021-04-01 13:04:00-04:00,23.03,23.0389,23.025,23.03,30841,91,23.029832
2021-04-01 13:05:00-04:00,23.0299,23.03,23.025,23.025,7602,25,23.0286
2021-04-01 13:06:00-04:00,23.03,23.04,23.0214,23.035,35659,86,23.030944
2021-04-01 13:07:00-04:00,23.0379,23.0399,23.03,23.03,9549,31,23.036291
2021-04-01 13:08:00-04:00,23.035,23.04,23.02,23.0294,38441,81,23.026374
2021-04-01 13:09:00-04:00,23.0219,23.04,23.02,23.04,57665,81,23.027016
2021-04-01 13:10:00-04:00,23.0319,23.06,23.0319,23.05,27508,112,23.04588
2021-04-01 13:11:00-04:00,23.0501,23.06,23.0501,23.06,4833,23,23.056785
2021-04-01 13:12:00-04:00,23.06,23.06,23.05,23.0503,13785,85,23.0543
2021-04-01 13:13:00-04:00,23.0503,23.0599,23.05,23.055,3146,13,23.051561
2021-04-01 13:14:00-04:00,23.05,23.055,23.05,23.0536,9318,22,23.051047
2021-04-01 13:15:00-04:00,23.0512,23.07,23.0512,23.07,48826,184,23.059245
2021-04-01 13:16:00-04:00,23.0681,23.07,23.06,23.06,14799,80,23.06698
2021-04-01 13:17:00-04:00,23.06,23.07,23.06,23.06,11663,32,23.064506
2021-04-01 13:18:00-04:00,23.065,23.0699,23.06,23.06,11531,16,23.067944
2021-04-01 13:19:00-04:00,23.06,23.065,23.06,23.061,2412,16,23.062568
2021-04-01 13:20:00-04:00,23.065,23.08,23.065,23.08,31942,156,23.072712
2021-04-01 13:21:00-04:00,23.08,23.1,23.07,23.09,177855,267,23.087543
2021-04-01 13:22:00-04:00,23.0911,23.1,23.09,23.09,6820,34,23.094685
2021-04-01 13:23:00-04:00,23.09,23.12,23.09,23.12,322480,132,22.41425
2021-04-01 13:24:00-04:00,23.12,23.13,23.11,23.11,140585,211,23.118305
2021-04-01 13:25:00-04:00,23.11,23.13,23.11,23.12,27503,70,23.121361
2021-04-01 13:26:00-04:00,23.1211,23.1299,23.12,23.12,20825,35,23.120208
2021-04-01 13:27:00-04:00,23.12,23.12,23.115,23.12,12684,55,23.119676
2021-04-01 13:28:00-04:00,23.12,23.12,23.11,23.1199,13656,72,23.117724
2021-04-01 13:29:00-04:00,23.12,23.12,23.1112,23.12,27023,66,23.118127
2021-04-01 13:30:00-04:00,23.1119,23.12,23.11,23.1119,165530,79,23.119587
2021-04-01 13:31:00-04:00,23.115,23.13,23.115,23.13,195302,200,23.126285
2021-04-01 13:32:00-04:00,23.1381,23.14,23.13,23.1388,27796,59,23.13773
2021-04-01 13:33:00-04:00,23.13,23.1395,23.12,23.1281,20778,54,23.129358
2021-04-01 13:34:00-04:00,23.125,23.13,23.1201,23.13,20828,55,23.129029
2021-04-01 13:35:00-04:00,23.13,23.14,23.13,23.14,35411,72,23.138416
2021-04-01 13:36:00-04:00,23.14,23.14,23.12,23.12,88263,121,23.131569
2021-04-01 13:37:00-04:00,23.12,23.1288,23.12,23.12,7842,32,23.12454
2021-04-01 13:38:00-04:00,23.1287,23.1287,23.12,23.125,7674,22,23.124915
2021-04-01 13:39:00-04:00,23.1275,23.14,23.125,23.14,291028,288,23.137187
2021-04-01 13:40:00-04:00,23.135,23.14,23.1311,23.1311,25669,78,23.138991
2021-04-01 13:41:00-04:00,23.135,23.1399,23.13,23.13,4026,25,23.134317
2021-04-01 13:42:00-04:00,23.13,23.135,23.1232,23.125,21904,56,23.129412
2021-04-01 13:43:00-04:00,23.125,23.1387,23.1219,23.13,26175,60,23.129823
2021-04-01 13:44:00-04:00,23.135,23.14,23.13,23.135,9326,44,23.136098
2021-04-01 13:45:00-04:00,23.14,23.145,23.13,23.14,27309,79,23.13894
2021-04-01 13:46:00-04:00,23.14,23.15,23.14,23.145,20874,33,23.141132
2021-04-01 13:47:00-04:00,23.145,23.145,23.12,23.12,104215,186,23.137422
2021-04-01 13:48:00-04:00,23.125,23.1299,23.11,23.115,23799,56,23.12121
2021-04-01 13:49:00-04:00,23.11,23.1189,23.11,23.1101,14352,30,23.115888
2021-04-01 13:50:00-04:00,23.115,23.115,23.1,23.1019,14849,73,23.10841
2021-04-01 13:51:00-04:00,23.11,23.11,23.1,23.1,29018,62,23.103263
2021-04-01 13:52:00-04:00,23.1019,23.105,23.1,23.1001,19780,31,23.100657
2021-04-01 13:53:00-04:00,23.1079,23.1079,23.1,23.1001,2231,16,23.103882
2021-04-01 13:54:00-04:00,23.105,23.11,23.1,23.105,20379,61,23.106943
2021-04-01 13:55:00-04:00,23.105,23.11,23.1,23.105,17200,56,23.102597
2021-04-01 13:56:00-04:00,23.1,23.11,23.1,23.1,30479,35,23.101757
2021-04-01 13:57:00-04:00,23.105,23.11,23.09,23.11,291098,390,23.100645
2021-04-01 13:58:00-04:00,23.11,23.12,23.11,23.1182,30460,82,23.114875
2021-04-01 13:59:00-04:00,23.12,23.1201,23.1101,23.12,33876,57,23.119667
2021-04-01 14:00:00-04:00,23.125,23.1299,23.12,23.125,5169,29,23.123608
2021-04-01 14:01:00-04:00,23.12,23.13,23.12,23.1299,6565,28,23.125574
2021-04-01 14:02:00-04:00,23.13,23.13,23.1114,23.1114,14715,49,23.125437
2021-04-01 14:03:00-04:00,23.115,23.12,23.1,23.105,43057,63,23.110874
2021-04-01 14:04:00-04:00,23.11,23.11,23.1001,23.103,12487,41,23.104723
2021-04-01 14:05:00-04:00,23.105,23.115,23.1015,23.115,16470,59,23.109039
2021-04-01 14:06:00-04:00,23.12,23.13,23.115,23.1299,31240,62,23.121969
2021-04-01 14:07:00-04:00,23.12,23.13,23.11,23.11,32480,51,23.120115
2021-04-01 14:08:00-04:00,23.115,23.12,23.1113,23.1113,14680,48,23.116922
2021-04-01 14:09:00-04:00,23.12,23.12,23.1119,23.115,4640,33,23.116896
2021-04-01 14:10:00-04:00,23.115,23.12,23.1102,23.115,32400,38,23.113467
2021-04-01 14:11:00-04:00,23.12,23.12,23.1101,23.1181,7467,43,23.115134
2021-04-01 14:12:00-04:00,23.115,23.12,23.1,23.105,37031,77,23.11026
2021-04-01 14:13:00-04:00,23.105,23.11,23.1,23.1012,3209,18,23.102035
2021-04-01 14:14:00-04:00,23.105,23.11,23.1,23.105,82956,154,23.109254
2021-04-01 14:15:00-04:00,23.105,23.105,23.09,23.1,32348,85,23.099202
2021-04-01 14:16:00-04:00,23.095,23.1,23.0911,23.1,9570,39,23.094619
2021-04-01 14:17:00-04:00,23.1,23.1,23.0819,23.0881,24054,72,23.092159
2021-04-01 14:18:00-04:00,23.085,23.09,23.085,23.085,26525,92,23.089066
2021-04-01 14:19:00-04:00,23.09,23.09,23.0808,23.085,8191,26,23.083825
2021-04-01 14:20:00-04:00,23.085,23.09,23.08,23.085,21745,36,23.08338
2021-04-01 14:21:00-04:00,23.085,23.0904,23.08,23.0904,41665,71,23.084333
2021-04-01 14:22:00-04:00,23.1,23.1,23.095,23.095,7621,45,23.098951
2021-04-01 14:23:00-04:00,23.095,23.1,23.09,23.09,22663,25,23.090511
2021-04-01 14:24:00-04:00,23.091,23.1,23.09,23.1,21102,76,23.098096
2021-04-01 14:25:00-04:00,23.0919,23.1,23.09,23.09,30252,59,23.093407
2021-04-01 14:26:00-04:00,23.0912,23.1,23.0912,23.095,15220,24,23.097011
2021-04-01 14:27:00-04:00,23.095,23.0983,23.09,23.09,36292,37,23.092597
2021-04-01 14:28:00-04:00,23.095,23.1,23.09,23.095,24786,49,23.093543
2021-04-01 14:29:00-04:00,23.095,23.12,23.095,23.115,112534,201,23.110588
2021-04-01 14:30:00-04:00,23.11,23.115,23.1,23.1014,21493,53,23.107408
2021-04-01 14:31:00-04:00,23.1,23.1075,23.1,23.1,6994,41,23.102424
2021-04-01 14:32:00-04:00,23.1,23.1099,23.1,23.105,4140,26,23.105167
2021-04-01 14:33:00-04:00,23.1,23.1,23.09,23.09,21085,43,23.096776
2021-04-01 14:34:00-04:00,23.09,23.09,23.08,23.08,16094,40,23.089903
2021-04-01 14:35:00-04:00,23.08,23.085,23.0719,23.075,12962,76,23.077915
2021-04-01 14:36:00-04:00,23.075,23.08,23.0722,23.075,13279,58,23.078291
2021-04-01 14:37:00-04:00,23.075,23.0781,23.07,23.07,9229,43,23.071225
2021-04-01 14:38:00-04:00,23.07,23.08,23.07,23.075,42693,88,23.076374
2021-04-01 14:39:00-04:00,23.075,23.08,23.075,23.08,6505,36,23.07883
2021-04-01 14:40:00-04:00,23.08,23.08,23.0701,23.08,16089,58,23.078519
2021-04-01 14:41:00-04:00,23.08,23.08,23.0719,23.075,17558,51,23.079389
2021-04-01 14:42:00-04:00,23.08,23.08,23.07,23.08,6029,32,23.076065
2021-04-01 14:43:00-04:00,23.075,23.08,23.07,23.075,30026,60,23.073498
2021-04-01 14:44:00-04:00,23.0713,23.08,23.0713,23.075,9210,57,23.076179
2021-04-01 14:45:00-04:00,23.08,23.08,23.07,23.0712,17318,61,23.071931
2021-04-01 14:46:00-04:00,23.075,23.0781,23.07,23.0713,3324,27,23.073171
2021-04-01 14:47:00-04:00,23.075,23.0799,23.07,23.075,7331,31,23.075284
2021-04-01 14:48:00-04:00,23.075,23.08,23.0701,23.0799,16356,68,23.077764
2021-04-01 14:49:00-04:00,23.08,23.08,23.0716,23.075,77030,84,23.079128
2021-04-01 14:50:00-04:00,23.08,23.0899,23.079,23.0899,20510,79,23.082096
2021-04-01 14:51:00-04:00,23.0852,23.09,23.08,23.0883,17869,44,23.084949
2021-04-01 14:52:00-04:00,23.085,23.085,23.081,23.085,7477,41,23.08398
2021-04-01 14:53:00-04:00,23.085,23.087,23.08,23.08,24712,54,23.080708
2021-04-01 14:54:00-04:00,23.085,23.085,23.07,23.075,44259,113,23.078426
2021-04-01 14:55:00-04:00,23.08,23.08,23.075,23.075,12082,60,23.077606
2021-04-01 14:56:00-04:00,23.075,23.0799,23.0719,23.075,16514,45,23.078132
2021-04-01 14:57:00-04:00,23.075,23.0795,23.07,23.075,16734,52,23.076489
2021-04-01 14:58:00-04:00,23.079,23.079,23.07,23.075,32917,100,23.071858
2021-04-01 14:59:00-04:00,23.075,23.079,23.07,23.075,22050,57,23.072681
2021-04-01 15:00:00-04:00,23.075,23.08,23.06,23.07,50184,206,23.070481
2021-04-01 15:01:00-04:00,23.08,23.08,23.0719,23.075,21638,45,23.076088
2021-04-01 15:02:00-04:00,23.0787,23.089,23.07,23.085,69361,190,23.080384
2021-04-01 15:03:00-04:00,23.083,23.09,23.08,23.085,34206,79,23.084675
2021-04-01 15:04:00-04:00,23.085,23.0868,23.08,23.0868,8403,55,23.083078
2021-04-01 15:05:00-04:00,23.085,23.09,23.08,23.085,12678,63,23.084661
2021-04-01 15:06:00-04:00,23.085,23.09,23.08,23.085,11871,40,23.087359
2021-04-01 15:07:00-04:00,23.085,23.0899,23.07,23.075,52186,107,23.080154
2021-04-01 15:08:00-04:00,23.075,23.09,23.073,23.0801,60012,174,23.080284
2021-04-01 15:09:00-04:00,23.085,23.09,23.083,23.089,7175,38,23.086795
2021-04-01 15:10:00-04:00,23.08,23.09,23.08,23.089,31958,83,23.085796
2021-04-01 15:11:00-04:00,23.085,23.1,23.085,23.095,72753,149,23.090222
2021-04-01 15:12:00-04:00,23.095,23.1,23.091,23.095,36089,67,23.09946
2021-04-01 15:13:00-04:00,23.1,23.1,23.09,23.095,31681,83,23.09701
2021-04-01 15:14:00-04:00,23.0967,23.11,23.095,23.105,53035,122,23.107362
2021-04-01 15:15:00-04:00,23.11,23.11,23.1008,23.105,39150,76,23.106547
2021-04-01 15:16:00-04:00,23.1,23.109,23.1,23.105,23846,74,23.100756
2021-04-01 15:17:00-04:00,23.105,23.11,23.1026,23.11,31454,110,23.107158
2021-04-01 15:18:00-04:00,23.105,23.109,23.1,23.1,20609,75,23.100826
2021-04-01 15:19:00-04:00,23.105,23.1081,23.1,23.1081,8496,46,23.100927
2021-04-01 15:20:00-04:00,23.1,23.1,23.09,23.0989,34626,93,23.098132
2021-04-01 15:21:00-04:00,23.095,23.1,23.09,23.0984,18824,69,23.097717
2021-04-01 15:22:00-04:00,23.0916,23.1,23.09,23.095,16074,28,23.098249
2021-04-01 15:23:00-04:00,23.095,23.1,23.09,23.1,18880,50,23.096037
2021-04-01 15:24:00-04:00,23.09,23.095,23.08,23.09,43586,117,23.088485
2021-04-01 15:25:00-04:00,23.085,23.09,23.085,23.09,2237,19,23.087984
2021-04-01 15:26:00-04:00,23.09,23.09,23.08,23.0899,56617,98,23.088946
2021-04-01 15:27:00-04:00,23.085,23.095,23.085,23.095,47715,199,23.088413
2021-04-01 15:28:00-04:00,23.095,23.1,23.09,23.095,13457,88,23.095797
2021-04-01 15:29:00-04:00,23.095,23.105,23.0919,23.105,52261,182,23.099115
2021-04-01 15:30:00-04:00,23.105,23.12,23.1,23.12,160854,210,23.110683
2021-04-01 15:31:00-04:00,23.115,23.12,23.11,23.115,32424,76,23.116535
2021-04-01 15:32:00-04:00,23.12,23.12,23.11,23.12,31270,76,23.116708
2021-04-01 15:33:00-04:00,23.12,23.12,23.115,23.117,50182,128,23.119712
2021-04-01 15:34:00-04:00,23.115,23.12,23.11,23.115,53510,95,23.117732
2021-04-01 15:35:00-04:00,23.115,23.13,23.1111,23.125,85683,207,23.12422
2021-04-01 15:36:00-04:00,23.125,23.14,23.125,23.13,42530,107,23.130599
2021-04-01 15:37:00-04:00,23.13,23.14,23.12,23.125,70754,146,23.130167
2021-04-01 15:38:00-04:00,23.125,23.13,23.1217,23.1283,24330,86,23.125777
2021-04-01 15:39:00-04:00,23.125,23.13,23.12,23.125,20166,80,23.127744
2021-04-01 15:40:00-04:00,23.125,23.13,23.125,23.13,35965,98,23.128083
2021-04-01 15:41:00-04:00,23.13,23.13,23.1201,23.127,82528,176,23.129602
2021-04-01 15:42:00-04:00,23.125,23.13,23.1225,23.13,25317,107,23.129597
2021-04-01 15:43:00-04:00,23.13,23.13,23.12,23.13,65891,140,23.119171
2021-04-01 15:44:00-04:00,23.125,23.13,23.12,23.125,32546,121,23.125183
2021-04-01 15:45:00-04:00,23.122,23.1299,23.12,23.12,26977,155,23.122567
2021-04-01 15:46:00-04:00,23.125,23.13,23.12,23.1288,166626,114,22.439672
2021-04-01 15:47:00-04:00,23.125,23.13,23.12,23.12,59377,140,23.122641
2021-04-01 15:48:00-04:00,23.12,23.125,23.12,23.12,234706,186,22.63665
2021-04-01 15:49:00-04:00,23.125,23.13,23.12,23.125,116133,342,23.124342
2021-04-01 15:50:00-04:00,23.125,23.13,23.1201,23.13,101117,281,23.128759
2021-04-01 15:51:00-04:00,23.13,23.13,23.12,23.13,73205,260,23.127361
2021-04-01 15:52:00-04:00,23.13,23.13,23.12,23.125,116540,223,23.127432
2021-04-01 15:53:00-04:00,23.125,23.135,23.12,23.13,137442,394,23.128373
2021-04-01 15:54:00-04:00,23.135,23.14,23.13,23.1311,43006,156,23.136764
2021-04-01 15:55:00-04:00,23.14,23.15,23.1311,23.15,94728,353,23.143409
2021-04-01 15:56:00-04:00,23.15,23.15,23.14,23.145,240491,316,22.659929
2021-04-01 15:57:00-04:00,23.145,23.15,23.14,23.145,114999,256,23.141291
2021-04-01 15:58:00-04:00,23.1411,23.15,23.14,23.145,96592,452,23.146187
2021-04-01 15:59:00-04:00,23.15,23.15,23.14,23.14,275162,715,23.144714
2021-04-01 16:00:00-04:00,23.15,23.15,23.14,23.14,176467,11,23.149828
2021-04-01 16:01:00-04:00,23.14,23.14,23.14,23.14,4030,7,23.140001
2021-04-01 16:02:00-04:00,23.13,23.13,23.13,23.13,160,3,23.128438
2021-04-01 16:05:00-04:00,23.13,23.13,23.13,23.13,5003,2,23.129994
2021-04-01 16:06:00-04:00,23.12,23.13,23.12,23.13,6007,6,23.128334
2021-04-01 16:08:00-04:00,23.13,23.13,23.13,23.13,250,2,23.13
2021-04-01 16:10:00-04:00,23.13,23.15,23.13,23.13,203,2,23.129852
2021-04-01 16:12:00-04:00,23.13,23.14,23.13,23.14,7643,7,23.130131
2021-04-01 16:13:00-04:00,23.13,23.13,23.13,23.13,152,3,23.130132
2021-04-01 16:14:00-04:00,23.13,23.14,23.13,23.14,4183,9,23.131195
2021-04-01 16:18:00-04:00,23.12,23.12,23.12,23.12,504,3,23.120079
2021-04-01 16:19:00-04:00,23.13,23.13,23.13,23.13,1307,4,23.13
2021-04-01 16:20:00-04:00,23.125,23.1299,23.125,23.1299,268,3,23.128073
2021-04-01 16:26:00-04:00,23.13,23.13,23.13,23.13,298,5,23.129983
2021-04-01 16:28:00-04:00,23.13,23.13,23.13,23.13,800,1,23.13
2021-04-01 16:29:00-04:00,23.13,23.13,23.13,23.13,100,1,23.13
2021-04-01 16:31:00-04:00,23.14,23.14,23.14,23.14,161,3,23.139963
2021-04-01 16:33:00-04:00,23.15,23.15,23.15,23.15,175,2,23.15
2021-04-01 16:35:00-04:00,23.14,23.14,23.14,23.14,818,2,23.140061
2021-04-01 16:40:00-04:00,23.16,23.16,23.16,23.16,203,3,23.159901
2021-04-01 16:43:00-04:00,23.14,23.14,23.14,23.14,304,3,23.140345
2021-04-01 16:45:00-04:00,23.16,23.16,23.16,23.16,100,1,23.16
2021-04-01 16:47:00-04:00,23.16,23.16,23.16,23.16,318,5,23.160031
2021-04-01 16:51:00-04:00,23.15,23.15,23.15,23.15,20255,2,23.150002
2021-04-01 16:52:00-04:00,23.15,23.16,23.15,23.16,301,4,23.156678
2021-04-01 16:53:00-04:00,23.16,23.16,23.16,23.16,285,3,23.16
2021-04-01 16:54:00-04:00,23.17,23.17,23.17,23.17,5258,10,23.169996
2021-04-01 16:58:00-04:00,23.17,23.17,23.17,23.17,100,1,23.17
2021-04-01 17:07:00-04:00,23.15,23.17,23.15,23.17,2546,8,23.157443
2021-04-01 17:19:00-04:00,23.17,23.17,23.17,23.17,150,2,23.161067
2021-04-01 17:31:00-04:00,23.17,23.17,23.17,23.17,895,1,23.17
2021-04-01 17:32:00-04:00,23.18,23.18,23.18,23.18,180,2,23.18
2021-04-01 17:33:00-04:00,23.18,23.18,23.18,23.18,105,2,23.18
2021-04-01 17:35:00-04:00,23.18,23.18,23.18,23.18,1001,5,23.17998
2021-04-01 17:45:00-04:00,23.17,23.17,23.17,23.17,114,3,23.169561
2021-04-01 17:54:00-04:00,23.15,23.15,23.15,23.15,2004,2,23.150005
2021-04-01 17:56:00-04:00,23.1501,23.1501,23.15,23.15,426,4,23.15007
2021-04-01 17:59:00-04:00,23.16,23.16,23.16,23.16,500,1,23.16
2021-04-01 18:05:00-04:00,23.16,23.16,23.16,23.16,810,5,23.161975
2021-04-01 18:13:00-04:00,23.17,23.17,23.17,23.17,340,1,23.17
2021-04-01 18:18:00-04:00,23.18,23.18,23.18,23.18,100,1,23.18
2021-04-01 18:29:00-04:00,23.17,23.17,23.17,23.17,175,2,23.17
2021-04-01 18:33:00-04:00,23.18,23.18,23.18,23.18,300,1,23.18
2021-04-01 18:35:00-04:00,23.18,23.18,23.18,23.18,291,2,23.18
2021-04-01 18:36:00-04:00,23.17,23.17,23.17,23.17,550,2,23.17
2021-04-01 18:37:00-04:00,23.17,23.17,23.17,23.17,1200,1,23.17
2021-04-01 18:39:00-04:00,23.18,23.18,23.18,23.18,450,3,23.18
2021-04-01 18:50:00-04:00,23.19,23.19,23.19,23.19,300,2,23.19
2021-04-01 19:03:00-04:00,23.19,23.19,23.19,23.19,118,2,23.188475
2021-04-01 19:18:00-04:00,23.18,23.18,23.18,23.18,100,1,23.18
2021-04-01 19:21:00-04:00,23.19,23.19,23.19,23.19,235,4,23.19
2021-04-01 19:22:00-04:00,23.19,23.19,23.19,23.19,265,1,23.19
2021-04-01 19:36:00-04:00,23.18,23.18,23.18,23.18,250,1,23.18
2021-04-01 19:38:00-04:00,23.18,23.18,23.18,23.18,1000,1,23.18
2021-04-01 19:46:00-04:00,23.19,23.19,23.18,23.18,1961,5,23.18051
2021-04-01 19:47:00-04:00,23.18,23.18,23.18,23.18,2615,3,23.180038
2021-04-01 19:49:00-04:00,23.19,23.19,23.19,23.19,120,3,23.188333
2021-04-01 19:50:00-04:00,23.19,23.19,23.19,23.19,101,2,23.189901
2021-04-01 19:56:00-04:00,23.18,23.19,23.18,23.19,600,2,23.181667
2021-04-01 19:57:00-04:00,23.18,23.18,23.18,23.18,405,3,23.180123
2021-04-01 19:59:00-04:00,23.19,23.19,23.17,23.17,805,3,23.182547
2021-04-05 00:27:00-04:00,23.15,23.15,23.15,23.15,500,1,23.15
2021-04-05 01:20:00-04:00,23.0,23.02,23.0,23.02,300,3,23.013333
2021-04-05 02:00:00-04:00,23.0,23.0,23.0,23.0,100,1,23.0
2021-04-05 02:28:00-04:00,23.03,23.03,23.03,23.03,100,1,23.03
2021-04-05 04:00:00-04:00,23.15,23.15,23.03,23.03,735,5,23.12951
2021-04-05 04:09:00-04:00,23.01,23.01,23.01,23.01,585,3,23.008974
2021-04-05 04:20:00-04:00,23.04,23.04,23.04,23.04,806,2,23.039851
2021-04-05 04:26:00-04:00,23.03,23.03,23.03,23.03,404,2,23.030099
2021-04-05 04:32:00-04:00,23.07,23.07,23.07,23.07,13600,3,23.07
2021-04-05 04:42:00-04:00,23.04,23.04,23.04,23.04,114,2,23.038772
2021-04-05 04:43:00-04:00,23.01,23.01,23.01,23.01,114,3,23.010088
2021-04-05 05:00:00-04:00,22.98,22.98,22.98,22.98,501,2,22.98004
2021-04-05 05:30:00-04:00,22.99,22.99,22.99,22.99,100,1,22.99
2021-04-05 06:18:00-04:00,23.02,23.02,23.02,23.02,250,1,23.02
2021-04-05 06:32:00-04:00,23.02,23.02,23.02,23.02,5156,2,23.019998
2021-04-05 06:34:00-04:00,23.01,23.01,23.01,23.01,400,1,23.01
2021-04-05 07:00:00-04:00,23.03,23.04,23.02,23.04,1386,17,23.03246
2021-04-05 07:01:00-04:00,23.03,23.03,23.02,23.02,1350,13,23.029096
2021-04-05 07:02:00-04:00,23.04,23.04,23.04,23.04,310,4,23.04
2021-04-05 07:03:00-04:00,23.05,23.05,23.05,23.05,1000,6,23.05
2021-04-05 07:04:00-04:00,23.05,23.06,23.05,23.06,300,3,23.053333
2021-04-05 07:05:00-04:00,23.06,23.06,23.06,23.06,1718,5,23.06
2021-04-05 07:06:00-04:00,23.06,23.07,23.06,23.07,625,3,23.0664
2021-04-05 07:07:00-04:00,23.07,23.07,23.07,23.07,497,6,23.068149
2021-04-05 07:09:00-04:00,23.06,23.06,23.06,23.06,500,1,23.06
2021-04-05 07:10:00-04:00,23.08,23.08,23.08,23.08,450,6,23.078889
2021-04-05 07:11:00-04:00,23.09,23.09,23.09,23.09,1011,7,23.09
2021-04-05 07:14:00-04:00,23.08,23.08,23.08,23.08,1000,1,23.08
2021-04-05 07:15:00-04:00,23.08,23.08,23.08,23.08,5000,2,23.08
2021-04-05 07:16:00-04:00,23.08,23.08,23.08,23.08,3050,3,23.079836
2021-04-05 07:17:00-04:00,23.09,23.09,23.09,23.09,2000,1,23.09
2021-04-05 07:18:00-04:00,23.0801,23.09,23.08,23.09,4100,3,23.085856
2021-04-05 07:19:00-04:00,23.09,23.09,23.09,23.09,1001,2,23.08999
2021-04-05 07:20:00-04:00,23.08,23.08,23.08,23.08,100,1,23.08
2021-04-05 07:23:00-04:00,23.1,23.11,23.1,23.11,821,9,23.105895
2021-04-05 07:28:00-04:00,23.13,23.13,23.13,23.13,2000,9,23.13
2021-04-05 07:29:00-04:00,23.12,23.14,23.12,23.14,600,4,23.126667
2021-04-05 07:31:00-04:00,23.15,23.15,23.1401,23.1401,3202,5,23.149691
2021-04-05 07:32:00-04:00,23.15,23.15,23.15,23.15,1053,4,23.15
2021-04-05 07:36:00-04:00,23.14,23.14,23.14,23.14,100,1,23.14
2021-04-05 07:37:00-04:00,23.16,23.16,23.16,23.16,110,2,23.160909
2021-04-05 07:39:00-04:00,23.17,23.17,23.17,23.17,175,3,23.17
2021-04-05 07:41:00-04:00,23.18,23.18,23.18,23.18,200,2,23.18
2021-04-05 07:42:00-04:00,23.18,23.19,23.18,23.19,1371,6,23.182524
2021-04-05 07:43:00-04:00,23.2,23.2,23.2,23.2,1015,7,23.199704
2021-04-05 07:47:00-04:00,23.16,23.17,23.16,23.17,200,2,23.165
2021-04-05 07:49:00-04:00,23.15,23.15,23.15,23.15,535,3,23.149346
2021-04-05 07:51:00-04:00,23.13,23.13,23.13,23.13,200,2,23.13
2021-04-05 07:55:00-04:00,23.12,23.12,23.1101,23.1101,1100,2,23.1191
2021-04-05 07:56:00-04:00,23.1199,23.12,23.1199,23.12,1300,3,23.119962
2021-04-05 07:59:00-04:00,23.13,23.13,23.13,23.13,101,2,23.129901
2021-04-05 08:01:00-04:00,23.115,23.115,23.1,23.1,1605,9,23.107819
2021-04-05 08:02:00-04:00,23.06,23.06,23.06,23.06,20006,8,23.060003
2021-04-05 08:03:00-04:00,23.07,23.0799,23.06,23.06,2778,9,23.067916
2021-04-05 08:04:00-04:00,23.07,23.07,23.07,23.07,875,5,23.069029
2021-04-05 08:05:00-04:00,23.07,23.07,23.07,23.07,402,3,23.070398
2021-04-05 08:08:00-04:00,23.07,23.07,23.07,23.07,200,1,23.07
2021-04-05 08:11:00-04:00,23.07,23.07,23.07,23.07,150,2,23.066667
2021-04-05 08:13:00-04:00,23.06,23.06,23.06,23.06,2015,3,23.060149
2021-04-05 08:14:00-04:00,23.08,23.08,23.08,23.08,5000,1,23.08
2021-04-05 08:17:00-04:00,23.08,23.085,23.08,23.085,11600,8,23.08431
2021-04-05 08:18:00-04:00,23.08,23.08,23.08,23.08,8400,3,23.08
2021-04-05 08:19:00-04:00,23.08,23.08,23.08,23.08,315,2,23.08
2021-04-05 08:20:00-04:00,23.07,23.07,23.07,23.07,431,5,23.070116
2021-04-05 08:22:00-04:00,23.09,23.09,23.09,23.09,5010,2,23.09
2021-04-05 08:24:00-04:00,23.12,23.12,23.12,23.12,400,4,23.12
2021-04-05 08:25:00-04:00,23.12,23.14,23.1,23.1,4410,6,23.129932
2021-04-05 08:26:00-04:00,23.12,23.12,23.12,23.12,2500,1,23.12
2021-04-05 08:27:00-04:00,23.14,23.14,23.14,23.14,220,3,23.14
2021-04-05 08:29:00-04:00,23.15,23.15,23.15,23.15,160,3,23.14625
2021-04-05 08:33:00-04:00,23.15,23.15,23.15,23.15,7162,7,23.150126
2021-04-05 08:34:00-04:00,23.17,23.19,23.17,23.19,580,5,23.177759
2021-04-05 08:35:00-04:00,23.19,23.21,23.19,23.21,7282,16,23.192589
2021-04-05 08:36:00-04:00,23.22,23.23,23.22,23.23,4683,20,23.227583
2021-04-05 08:37:00-04:00,23.235,23.26,23.235,23.26,19195,17,23.241948
2021-04-05 08:38:00-04:00,23.27,23.27,23.27,23.27,924,10,23.269091
2021-04-05 08:40:00-04:00,23.27,23.28,23.25,23.25,562,16,23.263737
2021-04-05 08:41:00-04:00,23.24,23.24,23.24,23.24,165,6,23.242727
2021-04-05 08:42:00-04:00,23.25,23.26,23.25,23.26,280,6,23.255893
2021-04-05 08:43:00-04:00,23.27,23.28,23.27,23.28,452,8,23.274867
2021-04-05 08:44:00-04:00,23.2699,23.2699,23.2699,23.2699,2065,6,23.269903
2021-04-05 08:45:00-04:00,23.25,23.26,23.25,23.26,1195,6,23.250921
2021-04-05 08:46:00-04:00,23.26,23.26,23.23,23.23,32401,32,23.237358
2021-04-05 08:47:00-04:00,23.24,23.24,23.24,23.24,270,5,23.235556
2021-04-05 08:49:00-04:00,23.22,23.22,23.22,23.22,784,6,23.22
2021-04-05 08:50:00-04:00,23.23,23.23,23.23,23.23,5100,2,23.23
2021-04-05 08:51:00-04:00,23.23,23.23,23.22,23.22,1610,3,23.229255
2021-04-05 08:52:00-04:00,23.21,23.22,23.21,23.22,900,5,23.214444
2021-04-05 08:53:00-04:00,23.22,23.22,23.18,23.21,1314,16,23.199163
2021-04-05 08:54:00-04:00,23.2,23.2,23.2,23.2,162,7,23.199383
2021-04-05 08:55:00-04:00,23.17,23.17,23.17,23.17,134,6,23.17
2021-04-05 08:56:00-04:00,23.16,23.17,23.16,23.17,15800,8,23.166582
2021-04-05 08:57:00-04:00,23.17,23.17,23.15,23.15,862,12,23.152842
2021-04-05 08:58:00-04:00,23.15,23.15,23.15,23.15,203,7,23.152217
2021-04-05 08:59:00-04:00,23.14,23.14,23.14,23.14,20746,8,23.140001
2021-04-05 09:00:00-04:00,23.14,23.15,23.14,23.14,305,4,23.143279
2021-04-05 09:01:00-04:00,23.16,23.16,23.15,23.15,836,10,23.151645
2021-04-05 09:02:00-04:00,23.13,23.13,23.13,23.13,2015,3,23.13
2021-04-05 09:03:00-04:00,23.12,23.13,23.1,23.1,2753,11,23.113888
2021-04-05 09:04:00-04:00,23.11,23.11,23.11,23.11,322,7,23.109674
2021-04-05 09:05:00-04:00,23.1,23.1,23.1,23.1,202,4,23.10005
2021-04-05 09:06:00-04:00,23.09,23.1,23.09,23.1,295,11,23.094983
2021-04-05 09:07:00-04:00,23.085,23.085,23.07,23.07,6040,14,23.083948
2021-04-05 09:08:00-04:00,23.06,23.06,23.06,23.06,3213,5,23.060034
2021-04-05 09:09:00-04:00,23.079,23.08,23.079,23.08,5237,11,23.079882
2021-04-05 09:10:00-04:00,23.06,23.06,23.05,23.05,6592,20,23.058792
2021-04-05 09:11:00-04:00,23.05,23.05,23.05,23.05,333,9,23.049474
2021-04-05 09:12:00-04:00,23.069,23.069,23.05,23.05,8181,12,23.050256
2021-04-05 09:13:00-04:00,23.04,23.04,23.04,23.04,667,10,23.041822
2021-04-05 09:15:00-04:00,23.05,23.05,23.03,23.03,5644,18,23.048846
2021-04-05 09:16:00-04:00,23.025,23.025,23.02,23.02,6832,16,23.0211
2021-04-05 09:17:00-04:00,23.04,23.04,23.04,23.04,121,5,23.042562
2021-04-05 09:18:00-04:00,23.06,23.09,23.06,23.08,5322,9,23.061418
2021-04-05 09:19:00-04:00,23.08,23.08,23.08,23.08,210,2,23.08
2021-04-05 09:20:00-04:00,23.06,23.06,23.05,23.05,2537,8,23.057613
2021-04-05 09:21:00-04:00,23.0599,23.06,23.05,23.05,4425,6,23.050913
2021-04-05 09:22:00-04:00,23.04,23.045,23.0395,23.045,2305,6,23.040412
2021-04-05 09:24:00-04:00,23.075,23.08,23.07,23.08,6588,26,23.074913
2021-04-05 09:25:00-04:00,23.06,23.07,23.06,23.07,2552,9,23.060541
2021-04-05 09:26:00-04:00,23.08,23.08,23.08,23.08,12124,11,23.079989
2021-04-05 09:27:00-04:00,23.079,23.08,23.079,23.08,9009,5,23.079966
2021-04-05 09:28:00-04:00,23.07,23.07,23.06,23.06,4921,10,23.069126
2021-04-05 09:29:00-04:00,23.06,23.06,23.03,23.03,31141,17,23.031963
2021-04-05 09:30:00-04:00,23.0287,23.055,23.01,23.01,446859,463,23.036602
2021-04-05 09:31:00-04:00,23.01,23.03,22.9801,23.03,113260,346,22.999464
2021-04-05 09:32:00-04:00,23.03,23.03,22.99,23.009,205432,217,23.00413
2021-04-05 09:33:00-04:00,23.0,23.02,22.98,23.0119,146250,210,22.996598
2021-04-05 09:34:00-04:00,23.02,23.031,23.0,23.02,181155,215,23.015995
2021-04-05 09:35:00-04:00,23.02,23.05,23.01,23.043,144532,219,23.027053
2021-04-05 09:36:00-04:00,23.04,23.04,23.0219,23.04,54730,143,23.03478
2021-04-05 09:37:00-04:00,23.03,23.0516,23.02,23.03,69554,154,23.035783
2021-04-05 09:38:00-04:00,23.03,23.0379,23.01,23.03,55848,113,23.023344
2021-04-05 09:39:00-04:00,23.03,23.04,22.999,23.01,62722,169,23.008577
2021-04-05 09:40:00-04:00,23.005,23.05,23.0,23.05,59894,140,23.035532
2021-04-05 09:41:00-04:00,23.05,23.0601,23.0401,23.06,39175,119,23.054093
2021-04-05 09:42:00-04:00,23.06,23.0699,23.05,23.055,20783,52,23.061361
2021-04-05 09:43:00-04:00,23.055,23.06,23.05,23.06,16672,59,23.058518
2021-04-05 09:44:00-04:00,23.06,23.0698,23.04,23.05,70384,142,23.055518
2021-04-05 09:45:00-04:00,23.06,23.07,23.06,23.07,66906,175,23.062382
2021-04-05 09:46:00-04:00,23.08,23.09,23.07,23.08,62190,72,23.079999
2021-04-05 09:47:00-04:00,23.0885,23.09,23.08,23.0814,14665,62,23.082709
2021-04-05 09:48:00-04:00,23.08,23.1,23.08,23.08,55733,141,23.088974
2021-04-05 09:49:00-04:00,23.085,23.085,23.07,23.07,81183,133,23.072715
2021-04-05 09:50:00-04:00,23.07,23.0711,23.05,23.0599,24007,105,23.059497
2021-04-05 09:51:00-04:00,23.06,23.07,23.0419,23.05,66550,149,23.060484
2021-04-05 09:52:00-04:00,23.05,23.05,23.04,23.0443,23639,82,23.041466
2021-04-05 09:53:00-04:00,23.0476,23.08,23.0476,23.08,31201,113,23.06647
2021-04-05 09:54:00-04:00,23.08,23.08,23.07,23.07,42200,125,23.074105
2021-04-05 09:55:00-04:00,23.0688,23.09,23.06,23.09,194041,167,23.081657
2021-04-05 09:56:00-04:00,23.09,23.0989,23.07,23.08,29137,84,23.088427
2021-04-05 09:57:00-04:00,23.08,23.1081,23.071,23.095,53038,160,23.0934
2021-04-05 09:58:00-04:00,23.1,23.1,23.07,23.0762,26163,77,23.08472
2021-04-05 09:59:00-04:00,23.07,23.0887,23.07,23.08,42772,141,23.074203
2021-04-05 10:00:00-04:00,23.075,23.13,23.06,23.105,95152,236,23.095967
2021-04-05 10:01:00-04:00,23.105,23.1312,23.1,23.11,24340,86,23.119579
2021-04-05 10:02:00-04:00,23.1111,23.12,23.1019,23.11,55736,124,23.115989
2021-04-05 10:03:00-04:00,23.12,23.1299,23.1,23.11,81075,127,23.109643
2021-04-05 10:04:00-04:00,23.115,23.125,23.1101,23.12,50414,75,23.119848
2021-04-05 10:05:00-04:00,23.12,23.125,23.1,23.11,60229,133,23.109715
2021-04-05 10:06:00-04:00,23.1085,23.1087,23.08,23.09,25590,93,23.094044
2021-04-05 10:07:00-04:00,23.0921,23.1,23.0804,23.09,12200,65,23.092946
2021-04-05 10:08:00-04:00,23.09,23.0987,23.08,23.08,12895,57,23.08906
2021-04-05 10:09:00-04:00,23.085,23.0981,23.07,23.08,25153,81,23.081182
2021-04-05 10:10:00-04:00,23.08,23.1,23.08,23.09,34542,63,23.09108
2021-04-05 10:11:00-04:00,23.09,23.11,23.09,23.0986,39858,75,23.100014
2021-04-05 10:12:00-04:00,23.0905,23.1098,23.09,23.1,38104,51,23.10439
2021-04-05 10:13:00-04:00,23.105,23.1299,23.105,23.12,46040,59,23.119551
2021-04-05 10:14:00-04:00,23.1119,23.13,23.1117,23.1229,11064,56,23.120471
2021-04-05 10:15:00-04:00,23.13,23.13,23.09,23.1,38071,105,23.109292
2021-04-05 10:16:00-04:00,23.099,23.11,23.09,23.1021,13706,56,23.098478
2021-04-05 10:17:00-04:00,23.105,23.11,23.08,23.0911,36385,100,23.0917
2021-04-05 10:18:00-04:00,23.095,23.12,23.095,23.12,31237,66,23.101259
2021-04-05 10:19:00-04:00,23.11,23.12,23.1,23.11,16159,55,23.108554
2021-04-05 10:20:00-04:00,23.11,23.1101,23.0941,23.11,48334,93,23.103862
2021-04-05 10:21:00-04:00,23.1076,23.115,23.1014,23.11,30903,83,23.109827
2021-04-05 10:22:00-04:00,23.11,23.1181,23.0955,23.11,25655,73,23.101844
2021-04-05 10:23:00-04:00,23.11,23.12,23.11,23.1129,21567,34,23.112385
2021-04-05 10:24:00-04:00,23.1159,23.1289,23.11,23.125,6333,42,23.11928
2021-04-05 10:25:00-04:00,23.125,23.13,23.1219,23.1219,2599,30,23.124853
2021-04-05 10:26:00-04:00,23.12,23.1381,23.12,23.135,29103,93,23.126373
2021-04-05 10:27:00-04:00,23.13,23.1481,23.13,23.135,16457,84,23.138876
2021-04-05 10:28:00-04:00,23.14,23.16,23.14,23.16,37753,87,23.145799
2021-04-05 10:29:00-04:00,23.16,23.17,23.14,23.145,277534,168,23.155004
2021-04-05 10:30:00-04:00,23.1489,23.15,23.14,23.15,22209,62,23.142861
2021-04-05 10:31:00-04:00,23.15,23.17,23.15,23.16,68561,110,23.155595
2021-04-05 10:32:00-04:00,23.16,23.16,23.15,23.155,17602,38,23.155587
2021-04-05 10:33:00-04:00,23.16,23.16,23.1501,23.1581,5440,34,23.155623
2021-04-05 10:34:00-04:00,23.16,23.1687,23.15,23.1687,15878,59,23.159351
2021-04-05 10:35:00-04:00,23.17,23.18,23.17,23.17,49656,131,23.17094
2021-04-05 10:36:00-04:00,23.17,23.18,23.1519,23.16,61383,188,23.164347
2021-04-05 10:37:00-04:00,23.16,23.16,23.14,23.145,21817,65,23.151558
2021-04-05 10:38:00-04:00,23.145,23.1481,23.135,23.1411,17330,53,23.141606
2021-04-05 10:39:00-04:00,23.14,23.145,23.135,23.1368,4978,46,23.139974
2021-04-05 10:40:00-04:00,23.135,23.14,23.12,23.12,31155,80,23.1293
2021-04-05 10:41:00-04:00,23.111,23.12,23.1,23.1119,61552,82,23.109691
2021-04-05 10:42:00-04:00,23.12,23.12,23.1,23.1,74964,72,23.108347
2021-04-05 10:43:00-04:00,23.1,23.11,23.09,23.11,47749,77,23.100051
2021-04-05 10:44:00-04:00,23.1,23.1017,23.0901,23.0901,17672,43,23.097764
2021-04-05 10:45:00-04:00,23.1,23.105,23.085,23.0881,51349,70,23.09745
2021-04-05 10:46:00-04:00,23.085,23.0883,23.0719,23.08,47716,87,23.080662
2021-04-05 10:47:00-04:00,23.07,23.07,23.06,23.06,59955,74,23.06823
2021-04-05 10:48:00-04:00,23.06,23.07,23.055,23.07,84649,129,23.0603
2021-04-05 10:49:00-04:00,23.07,23.07,23.0501,23.065,64662,112,23.060647
2021-04-05 10:50:00-04:00,23.06,23.0689,23.04,23.045,51868,127,23.05402
2021-04-05 10:51:00-04:00,23.045,23.05,23.04,23.045,16631,49,23.044758
2021-04-05 10:52:00-04:00,23.04,23.05,23.0386,23.05,96695,138,23.041857
2021-04-05 10:53:00-04:00,23.045,23.07,23.045,23.07,27272,92,23.054011
2021-04-05 10:54:00-04:00,23.07,23.0787,23.065,23.0787,12599,39,23.073987
2021-04-05 10:55:00-04:00,23.07,23.07,23.06,23.065,45253,77,23.069252
2021-04-05 10:56:00-04:00,23.0601,23.08,23.06,23.0716,27164,82,23.069691
2021-04-05 10:57:00-04:00,23.0741,23.0741,23.0501,23.0582,31513,84,23.061494
2021-04-05 10:58:00-04:00,23.0599,23.065,23.0401,23.0401,99364,133,23.052504
2021-04-05 10:59:00-04:00,23.05,23.06,23.04,23.06,57636,69,23.046643
2021-04-05 11:00:00-04:00,23.06,23.07,23.0481,23.0481,37429,100,23.061446
2021-04-05 11:01:00-04:00,23.04,23.045,23.0119,23.02,21771,78,23.027932
2021-04-05 11:02:00-04:00,23.02,23.03,23.015,23.0281,30999,73,23.020805
2021-04-05 11:03:00-04:00,23.02,23.0211,23.01,23.02,32806,70,23.017737
2021-04-05 11:04:00-04:00,23.01,23.0181,22.99,22.99,101674,207,23.000213
2021-04-05 11:05:00-04:00,22.9998,22.9998,22.98,22.99,55115,102,22.993497
2021-04-05 11:06:00-04:00,22.9999,22.9999,22.9719,22.985,73381,139,22.982162
2021-04-05 11:07:00-04:00,22.9899,22.9899,22.97,22.9714,32810,76,22.98076
2021-04-05 11:08:00-04:00,22.975,22.9819,22.97,22.9782,46519,91,22.979747
2021-04-05 11:09:00-04:00,22.97,22.98,22.965,22.9787,32393,94,22.975032
2021-04-05 11:10:00-04:00,22.98,22.99,22.975,22.99,27879,60,22.984506
2021-04-05 11:11:00-04:00,22.995,22.9981,22.99,22.995,5995,23,22.994181
2021-04-05 11:12:00-04:00,22.9994,23.0081,22.999,23.0,121681,170,22.999991
2021-04-05 11:13:00-04:00,23.0,23.0,22.9814,22.9814,8976,60,22.991317
2021-04-05 11:14:00-04:00,22.985,22.99,22.98,22.99,6815,48,22.984914
2021-04-05 11:15:00-04:00,22.9897,23.0,22.9897,22.999,12346,61,22.991888
2021-04-05 11:16:00-04:00,22.9901,22.995,22.98,22.99,15477,85,22.989628
2021-04-05 11:17:00-04:00,22.995,23.015,22.99,23.015,53105,81,23.002267
2021-04-05 11:18:00-04:00,23.01,23.07,23.01,23.07,130497,253,23.042782
2021-04-05 11:19:00-04:00,23.07,23.12,23.07,23.12,189083,326,23.106428
2021-04-05 11:20:00-04:00,23.13,23.14,23.12,23.1381,110588,131,23.129083
2021-04-05 11:21:00-04:00,23.1328,23.145,23.1201,23.1412,95055,99,23.137264
2021-04-05 11:22:00-04:00,23.14,23.14,23.12,23.14,58958,71,23.134365
2021-04-05 11:23:00-04:00,23.14,23.15,23.14,23.15,9990,34,23.143648
2021-04-05 11:24:00-04:00,23.15,23.16,23.14,23.15,50837,125,23.15015
2021-04-05 11:25:00-04:00,23.15,23.17,23.15,23.165,20944,57,23.158625
2021-04-05 11:26:00-04:00,23.17,23.1893,23.17,23.18,32386,85,23.175012
2021-04-05 11:27:00-04:00,23.18,23.2,23.18,23.2,86159,129,23.1829
2021-04-05 11:28:00-04:00,23.195,23.2,23.18,23.18,37783,60,23.189274
2021-04-05 11:29:00-04:00,23.185,23.19,23.18,23.1801,8724,52,23.18315
2021-04-05 11:30:00-04:00,23.185,23.185,23.175,23.18,27017,44,23.179818
2021-04-05 11:31:00-04:00,23.17,23.17,23.1501,23.1699,8812,54,23.163668
2021-04-05 11:32:00-04:00,23.1699,23.175,23.165,23.175,7156,40,23.169608
2021-04-05 11:33:00-04:00,23.17,23.17,23.15,23.15,5132,35,23.159558
2021-04-05 11:34:00-04:00,23.15,23.1586,23.14,23.14,41868,90,23.147841
2021-04-05 11:35:00-04:00,23.135,23.14,23.12,23.129,51099,65,23.133209
2021-04-05 11:36:00-04:00,23.12,23.13,23.12,23.1242,10989,34,23.124564
2021-04-05 11:37:00-04:00,23.125,23.125,23.1019,23.1075,31775,61,23.114243
2021-04-05 11:38:00-04:00,23.1053,23.1081,23.095,23.107,9393,44,23.100119
2021-04-05 11:39:00-04:00,23.1081,23.11,23.1,23.1,8251,45,23.104672
2021-04-05 11:40:00-04:00,23.095,23.11,23.095,23.11,17615,44,23.108766
2021-04-05 11:41:00-04:00,23.115,23.117,23.1101,23.1101,897,12,23.114506
2021-04-05 11:42:00-04:00,23.1184,23.1284,23.11,23.1284,26698,31,23.119945
2021-04-05 11:43:00-04:00,23.125,23.125,23.11,23.1119,7983,42,23.117381
2021-04-05 11:44:00-04:00,23.11,23.13,23.11,23.13,29426,64,23.122311
2021-04-05 11:45:00-04:00,23.125,23.125,23.115,23.12,11678,37,23.120059
2021-04-05 11:46:00-04:00,23.12,23.127,23.11,23.127,73728,72,23.119922
2021-04-05 11:47:00-04:00,23.1211,23.13,23.12,23.12,13880,37,23.122098
2021-04-05 11:48:00-04:00,23.12,23.1299,23.12,23.12,13321,40,23.121732
2021-04-05 11:49:00-04:00,23.12,23.125,23.115,23.12,30463,65,23.119981
2021-04-05 11:50:00-04:00,23.125,23.125,23.11,23.11,18964,44,23.11907
2021-04-05 11:51:00-04:00,23.1118,23.125,23.11,23.12,14313,72,23.120184
2021-04-05 11:52:00-04:00,23.115,23.115,23.11,23.11,8866,20,23.1102
2021-04-05 11:53:00-04:00,23.11,23.11,23.1013,23.11,19039,70,23.108868
2021-04-05 11:54:00-04:00,23.11,23.11,23.0901,23.0982,38033,86,23.100616
2021-04-05 11:55:00-04:00,23.0913,23.105,23.09,23.105,48092,87,23.096903
2021-04-05 11:56:00-04:00,23.1089,23.11,23.08,23.085,81400,137,23.098651
2021-04-05 11:57:00-04:00,23.08,23.1,23.075,23.1,27917,87,23.083215
2021-04-05 11:58:00-04:00,23.09,23.0913,23.0701,23.08,9496,50,23.08324
2021-04-05 11:59:00-04:00,23.08,23.09,23.07,23.075,19024,56,23.083061
2021-04-05 12:00:00-04:00,23.0711,23.0899,23.0711,23.08,7105,39,23.080499
2021-04-05 12:01:00-04:00,23.0701,23.0781,23.07,23.0774,3503,20,23.073925
2021-04-05 12:02:00-04:00,23.08,23.08,23.06,23.065,6933,53,23.067633
2021-04-05 12:03:00-04:00,23.0631,23.0631,23.045,23.045,24049,85,23.055302
2021-04-05 12:04:00-04:00,23.045,23.07,23.04,23.07,58335,112,23.057406
2021-04-05 12:05:00-04:00,23.065,23.065,23.04,23.04,19115,57,23.053788
2021-04-05 12:06:00-04:00,23.0419,23.06,23.03,23.055,45512,112,23.046129
2021-04-05 12:07:00-04:00,23.06,23.06,23.06,23.06,4632,28,23.059611
2021-04-05 12:08:00-04:00,23.0603,23.065,23.0419,23.045,27051,50,23.059391
2021-04-05 12:09:00-04:00,23.045,23.05,23.0401,23.0401,1065,18,23.044251
2021-04-05 12:10:00-04:00,23.04,23.045,23.0325,23.035,4824,41,23.039839
2021-04-05 12:11:00-04:00,23.03,23.04,23.03,23.0301,103200,99,23.039886
2021-04-05 12:12:00-04:00,23.04,23.0481,23.035,23.0481,7095,32,23.039752
2021-04-05 12:13:00-04:00,23.0481,23.0481,23.03,23.0319,18170,59,23.038962
2021-04-05 12:14:00-04:00,23.035,23.04,23.0316,23.0316,2589,15,23.037474
2021-04-05 12:15:00-04:00,23.04,23.04,23.0301,23.04,8637,37,23.03858
2021-04-05 12:16:00-04:00,23.035,23.0381,23.03,23.035,6847,50,23.030981
2021-04-05 12:17:00-04:00,23.0301,23.04,23.025,23.0253,43818,80,23.030369
2021-04-05 12:18:00-04:00,23.03,23.03,23.02,23.025,11072,54,23.022245
2021-04-05 12:19:00-04:00,23.025,23.03,23.0219,23.0219,4510,35,23.02718
2021-04-05 12:20:00-04:00,23.0211,23.0287,23.02,23.02,11217,37,23.022875
2021-04-05 12:21:00-04:00,23.025,23.03,23.02,23.025,4442,20,23.02447
2021-04-05 12:22:00-04:00,23.025,23.0283,23.02,23.0283,3756,23,23.023111
2021-04-05 12:23:00-04:00,23.03,23.03,23.02,23.025,2787,29,23.024553
2021-04-05 12:24:00-04:00,23.0219,23.0219,23.01,23.01,20268,55,23.018559
2021-04-05 12:25:00-04:00,23.02,23.02,23.0117,23.0117,2216,22,23.01625
2021-04-05 12:26:00-04:00,23.015,23.015,23.005,23.01,15623,59,23.011264
2021-04-05 12:27:00-04:00,23.01,23.01,23.0,23.0,101054,125,23.002489
2021-04-05 12:28:00-04:00,23.0,23.01,23.0,23.0019,9878,39,23.004432
2021-04-05 12:29:00-04:00,23.01,23.0201,23.01,23.0201,39742,63,23.018196
2021-04-05 12:30:00-04:00,23.0281,23.0281,23.02,23.0201,38477,53,23.020147
2021-04-05 12:31:00-04:00,23.0288,23.0288,23.0189,23.0189,28745,49,23.020746
2021-04-05 12:32:00-04:00,23.01,23.0111,23.0,23.01,9674,45,23.00902
2021-04-05 12:33:00-04:00,23.01,23.01,23.0001,23.01,17914,35,23.009405
2021-04-05 12:34:00-04:00,23.0111,23.02,23.01,23.02,8910,21,23.016857
2021-04-05 12:35:00-04:00,23.015,23.02,23.015,23.02,4080,23,23.018008
2021-04-05 12:36:00-04:00,23.02,23.02,23.0101,23.0113,17215,31,23.018764
2021-04-05 12:37:00-04:00,23.02,23.02,23.0101,23.019,9615,24,23.018858
2021-04-05 12:38:00-04:00,23.02,23.02,23.0119,23.015,8823,18,23.018084
2021-04-05 12:39:00-04:00,23.015,23.015,23.0,23.0013,36263,93,23.008658
2021-04-05 12:40:00-04:00,23.01,23.01,23.0,23.0,14161,36,23.007672
2021-04-05 12:41:00-04:00,23.0,23.01,22.9901,23.005,114270,170,23.000439
2021-04-05 12:42:00-04:00,23.0,23.006,23.0,23.0,11437,38,23.000884
2021-04-05 12:43:00-04:00,23.0,23.0,22.995,22.995,7657,35,22.997813
2021-04-05 12:44:00-04:00,22.995,23.0,22.9902,22.9919,3544,35,22.996497
2021-04-05 12:45:00-04:00,23.0,23.0,22.9922,22.995,6142,23,22.99517
2021-04-05 12:46:00-04:00,22.99,22.995,22.98,22.9819,10296,78,22.989233
2021-04-05 12:47:00-04:00,22.985,22.9999,22.98,22.99,18037,44,22.98984
2021-04-05 12:48:00-04:00,22.995,23.015,22.99,23.0105,53072,67,23.001845
2021-04-05 12:49:00-04:00,23.02,23.03,23.02,23.0227,8508,34,23.02382
2021-04-05 12:50:00-04:00,23.02,23.02,23.005,23.005,45856,68,23.019208
2021-04-05 12:51:00-04:00,23.009,23.01,23.0001,23.01,18815,32,23.009401
2021-04-05 12:52:00-04:00,23.015,23.019,23.0101,23.015,2663,14,23.013362
2021-04-05 12:53:00-04:00,23.01,23.0195,23.01,23.015,11346,32,23.011502
2021-04-05 12:54:00-04:00,23.01,23.017,23.0,23.017,19629,62,23.008922
2021-04-05 12:55:00-04:00,23.01,23.0189,23.0,23.0,44022,55,23.010185
2021-04-05 12:56:00-04:00,23.0,23.0,22.99,22.99,33152,29,22.992681
2021-04-05 12:57:00-04:00,22.9988,22.9988,22.99,22.99,12609,26,22.995422
2021-04-05 12:58:00-04:00,22.99,23.0,22.99,23.0,10198,32,22.998025
2021-04-05 12:59:00-04:00,23.0,23.0,22.99,22.9917,9502,28,22.998242
2021-04-05 13:00:00-04:00,22.99,22.9999,22.99,22.9999,4926,38,22.992836
2021-04-05 13:01:00-04:00,22.9984,22.9984,22.97,22.98,124980,145,22.981478
2021-04-05 13:02:00-04:00,22.985,22.985,22.977,22.9781,43253,49,22.980635
2021-04-05 13:03:00-04:00,22.9746,22.98,22.97,22.975,5867,36,22.975313
2021-04-05 13:04:00-04:00,22.975,22.98,22.97,22.9799,108392,184,22.977553
2021-04-05 13:05:00-04:00,22.975,22.975,22.97,22.97,10157,31,22.973019
2021-04-05 13:06:00-04:00,22.975,22.9889,22.975,22.9889,25934,58,22.980617
2021-04-05 13:07:00-04:00,22.987,22.987,22.98,22.9801,32271,55,22.980123
2021-04-05 13:08:00-04:00,22.9881,22.9899,22.9801,22.9899,2455,16,22.985368
2021-04-05 13:09:00-04:00,22.9819,22.9886,22.98,22.984,5673,24,22.982095
2021-04-05 13:10:00-04:00,22.987,22.99,22.9713,22.9713,33501,55,22.979957
2021-04-05 13:11:00-04:00,22.98,23.0,22.9757,22.995,31365,100,22.990362
2021-04-05 13:12:00-04:00,22.995,23.0,22.99,22.9999,1016,16,22.996101
2021-04-05 13:13:00-04:00,22.995,23.0,22.9901,22.995,102772,66,22.993669
2021-04-05 13:14:00-04:00,22.9999,22.9999,22.99,22.9953,6952,42,22.992869
2021-04-05 13:15:00-04:00,22.99,22.995,22.99,22.9925,6152,27,22.990986
2021-04-05 13:16:00-04:00,22.99,23.0,22.98,22.99,58132,101,22.989211
2021-04-05 13:17:00-04:00,22.99,22.9981,22.9819,22.985,53119,57,22.989589
2021-04-05 13:18:00-04:00,22.985,22.99,22.9801,22.9801,15465,42,22.987452
2021-04-05 13:19:00-04:00,22.99,22.99,22.98,22.985,43034,11,22.981155
2021-04-05 13:20:00-04:00,22.98,22.98,22.97,22.975,14370,57,22.979341
2021-04-05 13:21:00-04:00,22.98,22.98,22.965,22.965,18891,71,22.97054
2021-04-05 13:22:00-04:00,22.969,22.97,22.95,22.97,55217,121,22.960286
2021-04-05 13:23:00-04:00,22.9681,22.9681,22.95,22.96,26112,56,22.957125
2021-04-05 13:24:00-04:00,22.955,22.99,22.955,22.985,57707,116,22.9719
2021-04-05 13:25:00-04:00,22.99,22.99,22.97,22.9799,26203,59,22.976766
2021-04-05 13:26:00-04:00,22.97,22.979,22.97,22.9739,3435,23,22.97489
2021-04-05 13:27:00-04:00,22.975,22.975,22.965,22.965,42065,53,22.969655
2021-04-05 13:28:00-04:00,22.97,22.98,22.965,22.9799,17480,62,22.975354
2021-04-05 13:29:00-04:00,22.975,22.98,22.975,22.975,11889,28,22.977253
2021-04-05 13:30:00-04:00,22.975,22.9799,22.96,22.975,39513,102,22.968356
2021-04-05 13:31:00-04:00,22.9784,22.98,22.97,22.98,38461,41,22.973904
2021-04-05 13:32:00-04:00,22.975,22.98,22.9715,22.9795,3017,27,22.976661
2021-04-05 13:33:00-04:00,22.97,22.9717,22.96,22.965,18537,37,22.970045
2021-04-05 13:34:00-04:00,22.9667,22.9689,22.95,22.96,28223,51,22.959325
2021-04-05 13:35:00-04:00,22.955,22.9681,22.94,22.945,44861,136,22.953319
2021-04-05 13:36:00-04:00,22.9481,22.9481,22.923,22.93,40422,126,22.930077
2021-04-05 13:37:00-04:00,22.935,22.94,22.93,22.935,9446,37,22.936294
2021-04-05 13:38:00-04:00,22.93,22.94,22.93,22.93,11892,38,22.931398
2021-04-05 13:39:00-04:00,22.93,22.9387,22.92,22.9219,24881,98,22.925055
2021-04-05 13:40:00-04:00,22.9241,22.9299,22.92,22.92,14803,49,22.922711
2021-04-05 13:41:00-04:00,22.9227,22.9327,22.92,22.93,90371,149,22.92928
2021-04-05 13:42:00-04:00,22.93,22.9388,22.925,22.9299,19081,53,22.930963
2021-04-05 13:43:00-04:00,22.93,22.935,22.91,22.9193,57420,91,22.924096
2021-04-05 13:44:00-04:00,22.9153,22.9199,22.9101,22.9113,5563,31,22.913985
2021-04-05 13:45:00-04:00,22.9199,22.92,22.91,22.915,16821,65,22.918774
2021-04-05 13:46:00-04:00,22.91,22.93,22.91,22.9201,33323,78,22.921093
2021-04-05 13:47:00-04:00,22.93,22.93,22.9119,22.915,32157,66,22.921662
2021-04-05 13:48:00-04:00,22.915,22.92,22.9,22.9,55037,114,22.911135
2021-04-05 13:49:00-04:00,22.905,22.91,22.9001,22.9001,88964,119,22.908589
2021-04-05 13:50:00-04:00,22.9089,22.91,22.9,22.9016,31760,65,22.904709
2021-04-05 13:51:00-04:00,22.902,22.9169,22.9011,22.91,35359,55,22.909732
2021-04-05 13:52:00-04:00,22.91,22.9115,22.9,22.9099,14711,42,22.907225
2021-04-05 13:53:00-04:00,22.905,22.9062,22.9,22.905,2801,25,22.903291
2021-04-05 13:54:00-04:00,22.9094,22.91,22.9,22.91,20402,40,22.908406
2021-04-05 13:55:00-04:00,22.9005,22.91,22.9,22.905,15228,41,22.905121
2021-04-05 13:56:00-04:00,22.905,22.91,22.9,22.91,17346,30,22.90218
2021-04-05 13:57:00-04:00,22.9019,22.9088,22.9,22.9,13777,66,22.901932
2021-04-05 13:58:00-04:00,22.9,22.91,22.9,22.9,11915,46,22.90354
2021-04-05 13:59:00-04:00,22.9066,22.91,22.89,22.895,43945,144,22.899794
2021-04-05 14:00:00-04:00,22.9,22.9,22.895,22.895,23849,55,22.897878
2021-04-05 14:01:00-04:00,22.8901,22.905,22.89,22.9013,28605,69,22.894168
2021-04-05 14:02:00-04:00,22.9,22.91,22.9,22.9011,16972,42,22.905681
2021-04-05 14:03:00-04:00,22.9,22.9084,22.9,22.901,13070,30,22.901932
2021-04-05 14:04:00-04:00,22.9019,22.9099,22.9,22.9,2216,16,22.901964
2021-04-05 14:05:00-04:00,22.9013,22.9021,22.9,22.9003,1788,19,22.901184
2021-04-05 14:06:00-04:00,22.905,22.905,22.905,22.905,840,9,22.905035
2021-04-05 14:07:00-04:00,22.9,22.91,22.9,22.905,10913,31,22.904642
2021-04-05 14:08:00-04:00,22.9,22.9019,22.9,22.9019,557,18,22.902015
2021-04-05 14:09:00-04:00,22.9,22.905,22.9,22.9,4007,23,22.903373
2021-04-05 14:10:00-04:00,22.9,22.91,22.9,22.9,5877,27,22.903676
2021-04-05 14:11:00-04:00,22.9,22.91,22.9,22.9,15807,44,22.903109
2021-04-05 14:12:00-04:00,22.9016,22.9082,22.9004,22.9066,3946,22,22.902094
2021-04-05 14:13:00-04:00,22.9001,22.91,22.9,22.9013,32191,59,22.900506
2021-04-05 14:14:00-04:00,22.9,22.94,22.9,22.94,139380,217,22.912501
2021-04-05 14:15:00-04:00,22.94,22.94,22.925,22.93,48069,71,22.931389
2021-04-05 14:16:00-04:00,22.93,22.93,22.92,22.9299,7641,31,22.925435
2021-04-05 14:17:00-04:00,22.93,22.93,22.9203,22.925,42124,65,22.928902
2021-04-05 14:18:00-04:00,22.9295,22.9295,22.915,22.92,27071,43,22.919982
2021-04-05 14:19:00-04:00,22.915,22.919,22.91,22.9121,4081,19,22.914763
2021-04-05 14:20:00-04:00,22.915,22.9199,22.9,22.901,56882,91,22.909372
2021-04-05 14:21:00-04:00,22.9,22.91,22.9,22.905,8696,29,22.908762
2021-04-05 14:22:00-04:00,22.9011,22.9087,22.9011,22.905,3711,17,22.904646
2021-04-05 14:23:00-04:00,22.91,22.9199,22.9,22.91,44737,63,22.910285
2021-04-05 14:24:00-04:00,22.9182,22.92,22.91,22.92,1829,28,22.914003
2021-04-05 14:25:00-04:00,22.92,22.93,22.92,22.93,29222,45,22.921195
2021-04-05 14:26:00-04:00,22.93,22.93,22.919,22.919,37748,64,22.920272
2021-04-05 14:27:00-04:00,22.92,22.92,22.915,22.92,13051,35,22.919085
2021-04-05 14:28:00-04:00,22.92,22.93,22.92,22.9201,23035,37,22.922194
2021-04-05 14:29:00-04:00,22.93,22.93,22.9201,22.9201,16796,46,22.92677
2021-04-05 14:30:00-04:00,22.93,22.94,22.93,22.94,26415,57,22.933227
2021-04-05 14:31:00-04:00,22.945,22.9499,22.94,22.9481,13094,26,22.944284
2021-04-05 14:32:00-04:00,22.9468,22.96,22.9405,22.955,6272,38,22.950144
2021-04-05 14:33:00-04:00,22.96,22.96,22.9501,22.96,11857,35,22.958158
2021-04-05 14:34:00-04:00,22.97,22.9787,22.965,22.9707,18351,73,22.970841
2021-04-05 14:35:00-04:00,22.9703,22.975,22.95,22.955,45151,91,22.966229
2021-04-05 14:36:00-04:00,22.95,22.9587,22.95,22.955,3024,31,22.95568
2021-04-05 14:37:00-04:00,22.95,22.9501,22.95,22.95,30458,72,22.950006
2021-04-05 14:38:00-04:00,22.95,22.9599,22.94,22.945,19071,49,22.946381
2021-04-05 14:39:00-04:00,22.95,22.95,22.94,22.94,10645,25,22.944517
2021-04-05 14:40:00-04:00,22.94,22.945,22.9381,22.9381,6356,44,22.941377
2021-04-05 14:41:00-04:00,22.9384,22.94,22.93,22.94,5081,38,22.935979
2021-04-05 14:42:00-04:00,22.939,22.94,22.93,22.935,11531,64,22.936712
2021-04-05 14:43:00-04:00,22.937,22.94,22.935,22.94,7099,36,22.938628
2021-04-05 14:44:00-04:00,22.94,22.95,22.9357,22.9417,27560,65,22.940882
2021-04-05 14:45:00-04:00,22.9401,22.9462,22.94,22.9455,4450,16,22.943704
